-- phpMyAdmin SQL Dump
-- version 4.0.10deb1
-- http://www.phpmyadmin.net
--
-- Host: localhost
-- Generation Time: Sep 15, 2015 at 01:19 AM
-- Server version: 5.5.44-0ubuntu0.14.04.1
-- PHP Version: 5.5.9-1ubuntu4.11

SET SQL_MODE = "NO_AUTO_VALUE_ON_ZERO";
SET time_zone = "+00:00";


/*!40101 SET @OLD_CHARACTER_SET_CLIENT=@@CHARACTER_SET_CLIENT */;
/*!40101 SET @OLD_CHARACTER_SET_RESULTS=@@CHARACTER_SET_RESULTS */;
/*!40101 SET @OLD_COLLATION_CONNECTION=@@COLLATION_CONNECTION */;
/*!40101 SET NAMES utf8 */;

--
-- Database: `teaching`
--

-- --------------------------------------------------------

--
-- Table structure for table `all_classes`
--

CREATE TABLE IF NOT EXISTS `all_classes` (
  `id` int(10) unsigned DEFAULT NULL,
  `classname` varchar(30) NOT NULL
) ENGINE=InnoDB DEFAULT CHARSET=latin1;

--
-- Dumping data for table `all_classes`
--

INSERT INTO `all_classes` (`id`, `classname`) VALUES
(5, 'Class X'),
(6, 'Class XI'),
(7, 'Class XII'),
(8, 'IIT Mains'),
(9, 'IIT Advance'),
(4, 'Class IX'),
(3, 'Class VIII'),
(2, 'Class VII'),
(1, 'Class VI');

-- --------------------------------------------------------

--
-- Table structure for table `all_cst`
--

CREATE TABLE IF NOT EXISTS `all_cst` (
  `c_id` int(10) unsigned DEFAULT NULL,
  `s_id` int(10) unsigned DEFAULT NULL,
  `t_id` int(10) unsigned DEFAULT NULL
) ENGINE=InnoDB DEFAULT CHARSET=latin1;

--
-- Dumping data for table `all_cst`
--

INSERT INTO `all_cst` (`c_id`, `s_id`, `t_id`) VALUES
(1, 1, 1),
(1, 1, 2),
(1, 1, 3),
(1, 1, 4),
(1, 1, 5),
(1, 1, 6),
(1, 1, 7),
(1, 1, 8),
(1, 1, 9),
(1, 1, 10),
(1, 1, 11),
(1, 1, 12),
(1, 1, 13),
(1, 1, 14),
(1, 2, 15),
(1, 2, 16),
(1, 2, 17),
(1, 2, 18),
(1, 2, 19),
(1, 2, 20),
(1, 2, 21),
(1, 2, 22),
(1, 2, 23),
(1, 2, 24),
(1, 2, 25),
(1, 2, 26),
(1, 2, 27),
(1, 2, 28),
(1, 2, 29),
(1, 2, 30),
(1, 3, 31),
(1, 3, 32),
(1, 3, 33),
(1, 3, 34),
(1, 3, 35),
(1, 3, 36),
(1, 3, 37),
(1, 3, 38),
(1, 4, 39),
(1, 4, 40),
(1, 4, 41),
(1, 4, 42),
(1, 4, 43),
(1, 4, 44),
(1, 4, 45),
(1, 4, 46),
(1, 4, 47),
(1, 4, 48),
(1, 4, 49),
(1, 4, 50),
(1, 5, 51),
(1, 5, 52),
(1, 5, 53),
(1, 5, 54),
(1, 5, 55),
(1, 5, 56),
(1, 5, 57),
(1, 5, 58),
(1, 5, 59),
(2, 6, 60),
(2, 6, 61),
(2, 6, 62),
(2, 6, 63),
(2, 6, 64),
(2, 6, 65),
(2, 6, 66),
(2, 6, 67),
(2, 6, 68),
(2, 6, 69),
(2, 6, 70),
(2, 6, 71),
(2, 6, 72),
(2, 6, 73),
(2, 6, 74),
(2, 7, 75),
(2, 7, 76),
(2, 7, 77),
(2, 7, 78),
(2, 7, 79),
(2, 7, 80),
(2, 7, 81),
(2, 7, 82),
(2, 7, 83),
(2, 7, 84),
(2, 7, 85),
(2, 7, 86),
(2, 7, 87),
(2, 7, 88),
(2, 7, 89),
(2, 7, 90),
(2, 7, 91),
(2, 7, 92),
(2, 8, 93),
(2, 8, 94),
(2, 8, 95),
(2, 8, 96),
(2, 8, 97),
(2, 8, 98),
(2, 8, 99),
(2, 8, 100),
(2, 8, 101),
(2, 8, 102),
(2, 9, 103),
(2, 9, 104),
(2, 9, 105),
(2, 9, 106),
(2, 9, 107),
(2, 9, 108),
(2, 9, 109),
(2, 9, 110),
(2, 9, 111),
(2, 9, 112),
(2, 10, 113),
(2, 10, 114),
(2, 10, 115),
(2, 10, 116),
(2, 10, 117),
(2, 10, 118),
(2, 10, 119),
(2, 10, 120),
(2, 10, 121),
(2, 10, 122),
(3, 11, 123),
(3, 11, 124),
(3, 11, 125),
(3, 11, 126),
(3, 11, 127),
(3, 11, 128),
(3, 11, 129),
(3, 11, 130),
(3, 11, 131),
(3, 11, 132),
(3, 11, 133),
(3, 11, 134),
(3, 11, 135),
(3, 11, 136),
(3, 11, 137),
(3, 11, 138),
(3, 12, 139),
(3, 12, 140),
(3, 12, 141),
(3, 12, 142),
(3, 12, 143),
(3, 12, 144),
(3, 12, 145),
(3, 12, 146),
(3, 12, 147),
(3, 12, 148),
(3, 12, 149),
(3, 12, 150),
(3, 12, 151),
(3, 12, 152),
(3, 12, 153),
(3, 12, 154),
(3, 12, 155),
(3, 12, 156),
(3, 13, 157),
(3, 13, 158),
(3, 13, 159),
(3, 13, 160),
(3, 13, 161),
(3, 13, 162),
(3, 14, 163),
(3, 14, 164),
(3, 14, 165),
(3, 14, 166),
(3, 14, 167),
(3, 14, 168),
(3, 14, 169),
(3, 14, 170),
(3, 14, 171),
(3, 14, 172),
(3, 14, 173),
(3, 15, 174),
(3, 15, 175),
(3, 15, 176),
(3, 15, 177),
(3, 15, 178),
(3, 15, 179),
(3, 15, 180),
(3, 15, 181),
(3, 15, 182),
(4, 16, 183),
(4, 16, 184),
(4, 16, 185),
(4, 16, 186),
(4, 16, 187),
(4, 16, 188),
(4, 16, 189),
(4, 16, 190),
(4, 16, 191),
(4, 16, 192),
(4, 16, 193),
(4, 16, 194),
(4, 16, 195),
(4, 16, 196),
(4, 16, 197),
(4, 17, 198),
(4, 17, 199),
(4, 17, 200),
(4, 17, 201),
(4, 17, 202),
(4, 17, 203),
(4, 17, 204),
(4, 17, 205),
(4, 17, 206),
(4, 17, 207),
(4, 17, 208),
(4, 17, 209),
(4, 17, 210),
(4, 17, 211),
(4, 17, 212),
(4, 18, 213),
(4, 18, 214),
(4, 18, 215),
(4, 18, 216),
(4, 18, 217),
(4, 18, 218),
(4, 18, 219),
(4, 19, 220),
(4, 19, 221),
(4, 19, 222),
(4, 19, 223),
(4, 19, 224),
(4, 19, 225),
(4, 19, 226),
(4, 19, 227),
(4, 20, 228),
(4, 20, 229),
(4, 20, 230),
(4, 20, 231),
(4, 20, 232),
(4, 20, 233),
(4, 21, 234),
(4, 21, 235),
(4, 21, 236),
(4, 21, 237),
(5, 22, 242),
(5, 22, 243),
(5, 22, 244),
(5, 22, 245),
(5, 22, 246),
(5, 22, 247),
(5, 22, 248),
(5, 22, 249),
(5, 22, 250),
(5, 22, 251),
(5, 22, 252),
(5, 22, 253),
(5, 22, 254),
(5, 22, 255),
(5, 22, 256),
(5, 22, 257),
(5, 25, 270),
(5, 25, 271),
(5, 25, 272),
(5, 25, 273),
(5, 25, 274),
(5, 25, 275),
(5, 25, 276),
(5, 25, 277),
(5, 25, 278),
(5, 25, 279),
(5, 25, 280),
(5, 25, 281),
(5, 25, 282),
(5, 25, 283),
(5, 25, 284),
(6, 36, 409),
(6, 36, 410),
(6, 36, 411),
(6, 36, 412),
(6, 36, 413),
(6, 36, 414),
(6, 36, 415),
(6, 36, 416),
(6, 36, 417),
(6, 36, 418),
(6, 36, 419),
(6, 36, 420),
(6, 36, 421),
(6, 36, 422),
(6, 36, 423),
(6, 36, 424),
(6, 37, 425),
(6, 37, 426),
(6, 37, 427),
(6, 37, 428),
(6, 37, 429),
(6, 37, 430),
(6, 37, 431),
(6, 37, 432),
(6, 37, 433),
(6, 37, 434),
(6, 37, 435),
(6, 37, 436),
(6, 37, 437),
(6, 37, 438),
(6, 38, 439),
(6, 38, 440),
(6, 38, 441),
(6, 38, 442),
(6, 38, 443),
(6, 38, 444),
(6, 38, 445),
(6, 38, 446),
(6, 38, 447),
(6, 38, 448),
(6, 38, 449),
(6, 38, 450),
(6, 38, 451),
(6, 38, 452),
(6, 38, 453),
(7, 48, 573),
(7, 48, 574),
(7, 48, 575),
(7, 48, 576),
(7, 48, 577),
(7, 48, 578),
(7, 48, 579),
(7, 48, 580),
(7, 48, 581),
(7, 48, 582),
(7, 48, 583),
(7, 48, 584),
(7, 48, 585),
(7, 49, 586),
(7, 49, 587),
(7, 49, 588),
(7, 49, 589),
(7, 49, 590),
(7, 49, 591),
(7, 49, 592),
(7, 49, 593),
(7, 49, 594),
(7, 49, 595),
(7, 49, 596),
(7, 49, 597),
(7, 49, 598),
(7, 49, 599),
(7, 49, 600),
(7, 49, 601),
(7, 50, 602),
(7, 50, 603),
(7, 50, 604),
(7, 50, 605),
(7, 50, 606),
(7, 50, 607),
(7, 50, 608),
(7, 50, 609),
(7, 50, 610),
(7, 50, 611),
(7, 50, 612),
(7, 50, 613),
(7, 50, 614),
(7, 50, 615),
(7, 50, 616),
(8, 52, 628),
(8, 52, 629),
(8, 52, 630),
(8, 52, 631),
(8, 52, 632),
(8, 52, 633),
(8, 52, 634),
(8, 52, 635),
(8, 52, 636),
(8, 52, 637),
(8, 52, 638),
(8, 52, 639),
(8, 52, 640),
(8, 52, 641),
(8, 52, 642),
(8, 52, 643),
(8, 52, 644),
(8, 52, 645),
(8, 53, 646),
(8, 53, 647),
(8, 53, 648),
(8, 53, 649),
(8, 53, 650),
(8, 53, 651),
(8, 53, 652),
(8, 53, 653),
(8, 53, 654),
(8, 53, 655),
(8, 53, 656),
(8, 53, 657),
(8, 53, 658),
(8, 53, 659),
(8, 53, 660),
(8, 53, 661),
(8, 53, 662),
(8, 53, 663),
(8, 53, 664),
(8, 53, 665),
(8, 53, 666),
(8, 53, 667),
(8, 53, 668),
(8, 53, 669),
(8, 53, 670),
(8, 53, 671),
(8, 53, 672),
(8, 53, 673),
(8, 53, 674),
(8, 53, 675),
(8, 53, 676),
(8, 53, 677),
(8, 53, 678),
(8, 53, 679),
(8, 53, 680),
(8, 54, 681),
(8, 54, 682),
(8, 54, 683),
(8, 54, 684),
(8, 54, 685),
(8, 54, 686),
(8, 54, 687),
(8, 54, 688),
(8, 54, 689),
(8, 54, 690),
(8, 54, 691),
(8, 54, 692),
(8, 54, 693),
(8, 54, 694),
(8, 54, 695),
(8, 54, 696),
(8, 54, 697),
(8, 54, 698),
(8, 54, 699),
(8, 54, 700),
(8, 54, 701),
(8, 54, 702),
(9, 55, 703),
(9, 55, 704),
(9, 55, 705),
(9, 55, 706),
(9, 55, 707),
(9, 55, 708),
(9, 55, 709),
(9, 55, 710),
(9, 55, 711),
(9, 55, 712),
(9, 55, 713),
(9, 55, 714),
(9, 55, 715),
(9, 55, 716),
(9, 55, 717),
(9, 56, 718),
(9, 56, 719),
(9, 56, 720),
(9, 56, 721),
(9, 56, 722),
(9, 56, 723),
(9, 56, 724),
(9, 56, 725),
(9, 56, 726),
(9, 56, 727),
(9, 56, 728),
(9, 56, 729),
(9, 56, 730),
(9, 56, 731),
(9, 56, 732),
(9, 56, 733),
(9, 56, 734),
(9, 56, 735),
(9, 56, 736),
(9, 56, 737),
(9, 56, 738),
(9, 56, 739),
(9, 56, 740),
(9, 56, 741),
(9, 56, 742),
(9, 56, 743),
(9, 56, 744),
(9, 56, 745),
(9, 56, 746),
(9, 56, 747),
(9, 56, 748),
(9, 56, 749),
(9, 56, 750),
(9, 57, 751),
(9, 57, 752),
(9, 57, 753),
(9, 57, 754),
(9, 57, 755),
(9, 57, 756),
(9, 57, 757),
(9, 57, 758),
(9, 57, 759),
(9, 57, 760),
(9, 57, 761),
(9, 57, 762),
(9, 57, 763),
(9, 57, 764),
(9, 57, 765),
(9, 57, 766),
(9, 57, 767),
(9, 57, 768),
(9, 57, 769),
(9, 57, 770),
(10, 58, 771),
(10, 59, 772),
(10, 60, 773),
(10, 61, 774),
(10, 62, 775),
(10, 63, 776),
(10, 64, 777),
(10, 65, 778),
(10, 66, 779),
(10, 67, 780),
(10, 68, 781),
(10, 69, 782),
(10, 70, 783),
(10, 71, 784),
(10, 72, 785),
(10, 73, 786),
(10, 74, 787),
(10, 75, 788),
(10, 76, 789),
(10, 77, 790),
(10, 78, 791),
(10, 79, 792),
(10, 80, 793),
(10, 81, 794),
(10, 82, 795),
(10, 83, 796),
(10, 84, 797),
(10, 85, 798),
(10, 86, 799),
(10, 87, 800),
(10, 88, 801),
(10, 89, 802),
(10, 90, 803),
(10, 91, 804),
(10, 92, 805),
(10, 93, 806),
(10, 94, 807),
(10, 95, 808),
(10, 96, 809),
(10, 97, 810),
(10, 98, 811),
(10, 99, 812),
(10, 100, 813),
(10, 101, 814),
(10, 102, 815),
(10, 103, 816),
(10, 104, 817),
(10, 105, 818),
(10, 106, 819),
(10, 107, 820),
(10, 108, 821),
(10, 109, 822),
(10, 110, 823),
(10, 111, 824),
(10, 112, 825),
(10, 113, 826),
(10, 114, 827),
(10, 115, 828),
(10, 116, 829),
(10, 117, 830),
(10, 118, 831),
(11, 119, 832),
(11, 120, 833),
(11, 121, 834),
(11, 123, 835),
(11, 124, 836),
(11, 125, 837),
(11, 126, 838),
(11, 127, 839),
(11, 128, 840),
(11, 129, 841),
(11, 130, 842);

-- --------------------------------------------------------

--
-- Table structure for table `all_subjects`
--

CREATE TABLE IF NOT EXISTS `all_subjects` (
  `id` int(10) unsigned DEFAULT NULL,
  `subjectname` varchar(30) NOT NULL
) ENGINE=InnoDB DEFAULT CHARSET=latin1;

--
-- Dumping data for table `all_subjects`
--

INSERT INTO `all_subjects` (`id`, `subjectname`) VALUES
(1, 'Mathematics'),
(2, 'Science'),
(3, 'Geography'),
(4, 'History'),
(5, 'Civics'),
(6, 'Mathematics'),
(7, 'Science'),
(8, 'Geography'),
(9, 'History'),
(10, 'Civics'),
(11, 'Mathematics'),
(12, 'Science'),
(13, 'Geography'),
(14, 'History'),
(15, 'Civics'),
(16, 'Mathematics'),
(17, 'Science'),
(18, 'Geography'),
(19, 'History'),
(20, 'Civics'),
(21, 'Economics'),
(22, 'Science'),
(23, 'Economics'),
(24, 'Civics'),
(25, 'Mathematics'),
(26, 'Geography'),
(27, 'History'),
(36, 'Mathematics'),
(37, 'Chemistry'),
(38, 'Physics'),
(48, 'Mathematics'),
(49, 'Chemistry'),
(50, 'Physics'),
(52, 'Mathematics'),
(53, 'Chemistry'),
(54, 'Physics'),
(55, 'Mathematics'),
(56, 'Chemistry'),
(57, 'Physics'),
(58, 'Aerospace Engineering'),
(59, 'Agricultural and Food Engineering'),
(60, 'Applied Geology'),
(61, 'Applied Geophysics'),
(62, 'Applied Mathematics'),
(63, 'Architecture'),
(64, 'Biochemical Engineering and Biotechnology'),
(65, 'Biological Engineering'),
(66, 'Biological Sciences'),
(67, 'Biologically-inspired Systems Science'),
(68, 'Biotechnology'),
(69, 'Ceramic Engineering'),
(70, 'Chemical Engineering'),
(71, 'Chemical Science and Technology'),
(72, 'Chemistry'),
(73, 'Civil Engineering'),
(74, 'Civil and Infrastructure Engineering'),
(75, 'Computer Science and Engineering'),
(76, 'Design'),
(77, 'Economics'),
(78, 'Electrical Engineering'),
(79, 'Electronics and Communication Engineering'),
(80, 'Electronics and Electrical Communication Engineering'),
(81, 'Electronics and Electrical Engineering'),
(82, 'Electronics and Instrumentation Engineering'),
(83, 'Electronics Engineering'),
(84, 'Energy Engineering'),
(85, 'Engineering Design'),
(86, 'Engineering Physics'),
(87, 'Engineering Science'),
(88, 'Environmental Engineering'),
(89, 'Exploration Geophysics'),
(90, 'Geological Technology'),
(91, 'Geophysical Technology'),
(92, 'Industrial Chemistry'),
(93, 'Industrial Engineering'),
(94, 'Instrumentation Engineering'),
(95, 'Manufacturing Science and Engineering'),
(96, 'Material Science and Metallurgical Engineering'),
(97, 'Materials Science and Engineering'),
(98, 'Materials Science and Technology'),
(99, 'Mathematics and Computing'),
(100, 'Mathematics and Scientific Computing'),
(101, 'Mechanical Engineering'),
(102, 'Metallurgical and Materials Engineering'),
(103, 'Metallurgical Engineering'),
(104, 'Metallurgical Engineering and Materials Science'),
(105, 'Mineral Engineering'),
(106, 'Mining Engineering'),
(107, 'Mining Machinery Engineering'),
(108, 'Mining Safety Engineering'),
(109, 'Naval Architecture and Ocean Engineering'),
(110, 'Petroleum Engineering'),
(111, 'Pharmaceutics'),
(112, 'Physics'),
(113, 'Polymer Science and Technology'),
(114, 'Process Engineering'),
(115, 'Production and Industrial Engineering'),
(116, 'Quality Engineering Design and Manufacturing'),
(117, 'Systems Science'),
(118, 'Textile Technology'),
(119, 'CAT'),
(120, 'IRMA'),
(121, 'XAT'),
(123, 'IIFT'),
(124, 'NMAT'),
(125, 'SNAP'),
(126, 'MAT'),
(127, 'CMAT'),
(128, 'IBSAT'),
(129, 'TISS'),
(130, 'ATMA');


-- --------------------------------------------------------

--
-- Table structure for table `all_topics`
--

CREATE TABLE IF NOT EXISTS `all_topics` (
  `id` int(10) unsigned DEFAULT NULL,
  `topicname` varchar(100) NOT NULL
) ENGINE=InnoDB DEFAULT CHARSET=latin1;

--
-- Dumping data for table `all_topics`
--

INSERT INTO `all_topics` (`id`, `topicname`) VALUES
(1, 'Knowing our Numbers'),
(2, 'Whole Numbers'),
(3, 'Playing with Numbers'),
(4, 'Basic Geometrical Ideas'),
(5, 'Understanding Elementary Shapes'),
(6, 'Integers'),
(7, 'Fractions'),
(8, 'Decimals'),
(9, 'Data Handling'),
(10, 'Mensuration'),
(11, 'Algebra'),
(12, 'Ratios and Proportions'),
(13, 'Symmetry'),
(14, 'Practical Geometry'),
(15, 'Food: Where Does It comes From?'),
(16, 'Components of Food'),
(17, 'Fibre To Fabric'),
(18, 'Sorting Materials into Groups'),
(19, 'Separation of Substance'),
(20, 'Changes around Us'),
(21, 'Getting to Know Plants'),
(22, 'Body Movements'),
(23, 'The Living Organisms and Their Surroundings'),
(24, 'Motion and Measurement of Distances'),
(25, 'Light, Shadows and Reflections'),
(26, 'Electricity and Circuits'),
(27, 'Fun with Magnets'),
(28, 'Water'),
(29, 'Air Around Us'),
(30, 'Garbage in, Garbage Out'),
(31, 'The Earth in the Solar System'),
(32, 'Globe: Latitudes and Longitudes'),
(33, 'Motions of the Earth'),
(34, 'Maps'),
(35, 'Major Domains of the Earth'),
(36, 'Major Landforms of the Earth'),
(37, 'Our Country - India'),
(38, 'India : Climate, Vegetation and Wildlife'),
(39, 'What, Where, How and When?'),
(40, 'On the Trail of the Earliest People'),
(41, 'From Gathering to Growing Food'),
(42, 'In the Earliest Cities'),
(43, 'What Books and Burials Tell Us?'),
(44, 'Kingdoms, Kings and an Early Republic'),
(45, 'New Questions and Ideas'),
(46, 'Ashoka, The Emperor Who Gave Up War'),
(47, 'Vital Villages, Thriving Towns'),
(48, 'Traders, Kings and Pilgrims'),
(49, 'New Empires and Kingdoms'),
(50, 'Buildings, Paintings and Books'),
(51, 'Understanding Diversity'),
(52, 'Diversity and Discrimination'),
(53, 'What is Government?'),
(54, 'Key Elements of a Democratic Government'),
(55, 'Panchayati Raj'),
(56, 'Rural Administration'),
(57, 'Urban Administration'),
(58, 'Rural Livelihoods'),
(59, 'Urban Livelihoods'),
(60, 'Integers'),
(61, 'Fractions and Decimals'),
(62, 'Simple Equations'),
(63, 'Data Handling'),
(64, 'Lines and Angles'),
(65, 'The Triangle and its Properties'),
(66, 'Congruence of Triangles'),
(67, 'Comparing Quantities'),
(68, 'Rational Numbers'),
(69, 'Practical Geometry'),
(70, 'Perimeter and Area'),
(71, 'Algebraic Expressions'),
(72, 'Exponents and Powers'),
(73, 'Symmetry'),
(74, 'Visualising Solid Shapes'),
(75, 'Nutrition in Plants'),
(76, 'Nutrition in Animals'),
(77, 'Fibre to Fabric'),
(78, 'Heat'),
(79, 'Acids, Bases and Salts'),
(80, 'Physical and Chemical Changes'),
(81, 'Weather, Climate and Adaptations of Animals to Climate'),
(82, 'Winds, Storms and Cyclones'),
(83, 'Soil'),
(84, 'Respiration in Organisms'),
(85, 'Transportation in Animals and Plants'),
(86, 'Reproduction in Plants'),
(87, 'Motion and Time'),
(88, 'Electric Current and its Effects'),
(89, 'Light'),
(90, 'Water: A Precious Resource'),
(91, 'Forests: Our Lifeline'),
(92, 'Wastewater Story'),
(93, 'Environment'),
(94, 'Inside Our Earth'),
(95, 'Our Changing Earth'),
(96, 'Air'),
(97, 'Water'),
(98, 'Natural Vegetation and Wildlife'),
(99, 'Human Environment - Settlement, Transport and Communication'),
(100, 'Human Environment - Interactions, the Tropical and the Subtropical Region'),
(101, 'Life in the Temperate Grasslands'),
(102, 'Life in the Deserts'),
(103, 'Tracing Changes Through a Thousand Years'),
(104, 'New Kings and Kingdoms'),
(105, 'The Delhi Sultans'),
(106, 'The Mughal Empire'),
(107, 'Rulers And Buildings'),
(108, 'Towns, Traders and Craftspersons'),
(109, 'Tribes, Nomads and Settled Communities'),
(110, 'Devotional Paths to the Divine'),
(111, 'The Making of Regional Cultures'),
(112, 'Eighteenth-Century Political Formations'),
(113, 'On Equality'),
(114, 'Role of Government in Health'),
(115, 'How the State Government Works?'),
(116, 'Growing up as Boys and Girls'),
(117, 'Women Change the World'),
(118, 'Understanding Media'),
(119, 'Understanding Advertising'),
(120, 'Markets Around Us'),
(121, 'A Shirt in the Market'),
(122, 'Struggles for Equality'),
(123, 'Mensuration'),
(124, 'Visualising Solid Shapes'),
(125, 'Algebraic Expressions and Identities'),
(126, 'Comparing Quantities'),
(127, 'Cubes and Cube Roots'),
(128, 'Squares and Square Roots'),
(129, 'Data Handling'),
(130, 'Practical Geometry'),
(131, 'Understanding Quadrilaterals'),
(132, 'Linear Equations in One Variable'),
(133, 'Rational Numbers'),
(134, 'Exponents and Powers'),
(135, 'Direct and Inverse Proportions'),
(136, 'Factorisation'),
(137, 'Introduction to Graphs'),
(138, 'Playing with Numbers'),
(139, 'Crop Production and Management'),
(140, 'Microorganisms: Friend and Foe'),
(141, 'Synthetic Fibres and Plastics'),
(142, 'Materials: Metals and Non-Metals'),
(143, 'Coal and Petroleum'),
(144, 'Combustion and Flame'),
(145, 'Conservation of Plants and Animals'),
(146, 'Cell - Structure and Functions'),
(147, 'Reproduction in Animals'),
(148, 'Reaching the Age of Adolescence'),
(149, 'Force and Pressure'),
(150, 'Friction'),
(151, 'Sound'),
(152, 'Chemical Effects of Electric Current'),
(153, 'Some Natural Phenomena'),
(154, 'Light'),
(155, 'Stars and the Solar System'),
(156, 'Pollution of Air and Water'),
(157, 'Resources'),
(158, 'Land, Soil, Water, Natural Vegetation and Wildlife Resources'),
(159, 'Mineral and Power Resources'),
(160, 'Agriculture'),
(161, 'Industries'),
(162, 'Human Resources'),
(163, 'How, When and Where'),
(164, 'From Trade to Territory'),
(165, 'Ruling the Countryside'),
(166, 'Tribals, Dikus and the Vision of a Golden Age'),
(167, 'When People Rebel - 1857 and After'),
(168, 'Colonialism and the City - The Story of an Imperial Capital'),
(169, 'Weavers, Iron Smelters and Factory Owners'),
(170, 'Civilising the ''Native'', Educating the Nation'),
(171, 'The Changing World of Visual Arts'),
(172, 'The Making of the National Movement: 1870s to 1947'),
(173, 'India After Independence'),
(174, 'The Indian Constitution'),
(175, 'Understanding Secularism'),
(176, 'Why do we need a Parliament'),
(177, 'Understanding Laws'),
(178, 'Judiciary'),
(179, 'Understanding Our Criminal Justice System'),
(180, 'Confronting Marginalisation'),
(181, 'Public Facilities'),
(182, 'Law and Social Justice'),
(183, 'Number Systems'),
(184, 'Polynomials'),
(185, 'Coordinate Geometry'),
(186, 'Linear Equations in Two Variables'),
(187, 'Introduction to Euclid''s Geometry'),
(188, 'Lines and Angles'),
(189, 'Triangles'),
(190, 'Quadrilaterals'),
(191, 'Areas of Parallelograms and Triangles'),
(192, 'Circles'),
(193, 'Constructions'),
(194, 'Heron''s Formula'),
(195, 'Surface Areas and Volumes'),
(196, 'Statistics'),
(197, 'Probability'),
(198, 'Matter in Our Surroundings'),
(199, 'Is Matter Around Us Pure'),
(200, 'Atoms and Molecules'),
(201, 'Structure of The Atom'),
(202, 'The Fundamental Unit of Life'),
(203, 'Tissues'),
(204, 'Diversity in Living Organisms'),
(205, 'Motion'),
(206, 'Force and Laws of Motion'),
(207, 'Gravitation'),
(208, 'Work and Energy'),
(209, 'Sound'),
(210, 'Why do we Fall ill'),
(211, 'Natural Resources'),
(212, 'Improvement in Food Resources'),
(213, 'India - Size and Location'),
(214, 'Physical Features of India'),
(215, 'Drainage'),
(216, 'Climate'),
(217, 'Natural Vegetation and Wildlife'),
(218, 'Population'),
(219, 'Disaster Management'),
(220, 'The French Revolution'),
(221, 'Socialism in Europe and the Russia'),
(222, 'Nazism and the Rise of Hitler'),
(223, 'Forest Society and Colonialism'),
(224, 'Pastoralists in the Modern World'),
(225, 'Peasant and Farmers'),
(226, 'History and Sports: The Story of Cricket'),
(227, 'Clothing: A Social History'),
(228, 'Democracy In The Contemporary World'),
(229, 'What Is Democracy? Why Democracy?'),
(230, 'Constitutional Design'),
(231, 'Electoral Politics'),
(232, 'Working of Institutions'),
(233, 'Democratic Rights'),
(234, 'The Story of Village Palampur'),
(235, 'People As Resource'),
(236, 'Poverty As A Challenge'),
(237, 'Food Security in India'),
(242, 'Chemical Reactions and Equations'),
(243, 'Acids, Bases and Salts'),
(244, 'Metals and Non-metals'),
(245, 'Carbon and its Compounds'),
(246, 'Periodic Classification of Elements'),
(247, 'Life Processes'),
(248, 'Control and Coordination'),
(249, 'How do Organisms Reproduce?'),
(250, 'Heredity and Evolution'),
(251, 'Light - Reflection and Refract'),
(252, 'Human Eye and Colourful World'),
(253, 'Electricity'),
(254, 'Magnetic Effects of Electric C'),
(255, 'Sources of Energy'),
(256, 'Our Environment'),
(257, 'Management of Natural Resources'),

(258, 'Development'),
(259, 'Sectors of The Indian Economy'),
(260, 'Money And Credit'),
(261, 'Globalization And The Indian E'),
(262, 'Consumer Rights'),
(263, 'Power Sharing'),
(264, 'Federalism'),
(265, 'Gender, Religion and Caste'),
(266, 'Popular Struggles And Movement'),
(267, 'Political Parties'),
(268, 'Outcomes of Democracy'),
(269, 'Challenges To Democracy'),
(270, 'Real Numbers'),
(271, 'Polynomials'),
(272, 'Pair of Linear Equations in Tw'),
(273, 'Quadratic Equations'),
(274, 'Arithmetic Progressions'),
(275, 'Triangles'),
(276, 'Coordinate Geometry'),
(277, 'Introduction to Trigonometry'),
(278, 'Some Applications of Trigonome'),
(279, 'Circles'),
(280, 'Constructions'),
(281, 'Areas Related to Circles'),
(282, 'Surface Areas and Volumes'),
(283, 'Statistics'),
(284, 'Probability'),
(285, 'Resources and Development'),
(286, 'Forest and Wildlife Resources'),
(287, 'Water Resources'),
(288, 'Agriculture'),
(289, 'Minerals and Energy Resources'),
(290, 'Manufacturing Industries'),
(291, 'Life Lines of National Economy'),
(292, 'Disaster Management'),
(293, 'The Rise of Nationalism in Eur'),
(294, 'The Nationalist Movement in In'),
(295, 'Nationalism in India'),
(296, 'The Making of a Global World'),
(297, 'The Age of Industrialisation'),
(298, 'Work, Life and Leisure'),
(299, 'Print Culture and the Modern W'),
(300, 'Novels, Society and History'),
(409, 'Sets'),
(410, 'Relations and Functions'),
(411, 'Trigonometric Functions'),
(412, 'Principle of Mathematical Indu'),
(413, 'Complex Numbers and Quadratic '),
(414, 'Linear Inequalities'),
(415, 'Permutations and Combinations'),
(416, 'Binomial Theorem'),
(417, 'Sequences and Series'),
(418, 'Straight Lines'),
(419, 'Conic Sections'),
(420, 'Introduction to Three Dimensio'),
(421, 'Limits and Derivatives'),
(422, 'Mathematical Reasoning'),
(423, 'Statistics'),
(424, 'Probability'),
(425, 'Some Basic Concepts of Chemist'),
(426, 'Structure of Atom'),
(427, 'Classification of Elements and'),
(428, 'Chemical Bonding and Molecular'),
(429, 'States of Matter'),
(430, 'Thermodynamics'),
(431, 'Equilibrium'),
(432, 'Redox Reactions'),
(433, 'Hydrogen'),
(434, 'The s-block Elements'),
(435, 'The p-block Element'),
(436, 'Organic Chemistry - Some Basic'),
(437, 'Hydrocarbons'),
(438, 'Environmental Chemistry'),
(439, 'Physical World'),
(440, 'Units and Measurement'),
(441, 'Motion in a straight line'),
(442, 'Motion in a Plane'),
(443, 'Laws of Motion'),
(444, 'Work, Energy and Power'),
(445, 'System of Particles and Rotati'),
(446, 'Gravitation'),
(447, 'Mechanical Properties of Solid'),
(448, 'Mechanical Properties of Fluid'),
(449, 'Thermal Properties of Matter'),
(450, 'Thermodynamics'),
(451, 'Kinetic Theory'),
(452, 'Oscillations'),
(453, 'Waves'),
(573, 'Relations and Functions'),
(574, 'Inverse Trigonometric Function'),
(575, 'Matrices'),
(576, 'Determinants'),
(577, 'Continuity and Differentiabili'),
(578, 'Application of Derivatives'),
(579, 'Integrals'),
(580, 'Application of Integrals'),
(581, 'Differential Equations'),
(582, 'Vector Algebra'),
(583, 'Three Dimensional Geometry'),
(584, 'Linear Programming'),
(585, 'Probability'),
(586, 'The Solid State'),
(587, 'Solutions'),
(588, 'Electrochemistry'),
(589, 'Chemical Kinetics'),
(590, 'Surface Chemistry'),
(591, 'General Principles and Process'),
(592, 'The p - Block Elements'),
(593, 'The d and f Block Elements'),
(594, 'Coordination Compounds'),
(595, 'Haloalkanes and Haloarenes'),
(596, 'Alcohols, Phenols and Ethers'),
(597, 'Aldehydes, Ketones and Carboxy'),
(598, 'Amines'),
(599, 'Biomolecules'),
(600, 'Polymers'),
(601, 'Chemistry in Everyday Life'),
(602, 'Electric Charges and Fields'),
(603, 'Electrostatic Potential and Ca'),
(604, 'Current Electricity'),
(605, 'Moving Charges and Magnetism'),
(606, 'Magnetism and Matter'),
(607, 'Electromagnetic Induction'),
(608, 'Alternating Current'),
(609, 'Electromagnetic Waves'),
(610, 'Ray Optics and Optical Instrum'),
(611, 'Wave Optics'),
(612, 'Dual Nature of Radiation and M'),
(613, 'Atoms'),
(614, 'Nuclei'),
(615, 'Semiconductor Electronics'),
(616, 'Communication Systems'),
(628, 'Sets, Relation and Functions'),
(629, 'Complex Numbers and Quadratic '),
(630, 'Matrices and Deteerminants'),
(631, 'Permutations and Combinations'),
(632, 'Mathematical Induction'),
(633, 'Binomial Theorem and its Simpl'),
(634, 'Sequences and Series'),
(635, 'Limit, Continuity and Differen'),
(636, 'Integral Calculus'),
(637, 'Differential Equations'),
(638, 'Straight Lines'),
(639, 'Circles'),
(640, 'Conic Sections'),
(641, 'Three Dimensional Geometry'),
(642, 'Vector Algebra'),
(643, 'Statistics and Probability'),
(644, 'Trigonometry'),
(645, 'Mathematical Reasoning'),
(646, 'Physical Chemistry'),
(647, 'Some Basic concepts of Chemist'),
(648, 'States of Matter'),
(649, 'Atomic Structure'),
(650, 'Chemical Bonding '),
(651, 'Chemical Thermodynamics'),
(652, 'Solutions'),
(653, 'Chemical Equilibrium'),
(654, 'Ionic Equilibrium'),
(655, 'Solid State'),
(656, 'Electrochemistry'),
(657, 'Chemical Kinetics'),
(658, 'Surface Chemistry'),
(659, 'Inorganic Chemistry'),
(660, 'Classification of Elements and'),
(661, 'General Principles and Process'),
(662, 'Hydrogen'),
(663, 'S-Block Elements'),
(664, 'P-Block Elements'),
(665, 'd- and f- block Elements'),
(666, 'Co-ordination Compounds'),
(667, 'Environmental Chemistry'),
(668, 'Organic Chemistry'),
(669, 'Purification and Characterisat'),
(670, 'Some Basic Principles of Organ'),
(671, 'Hydrocarbons'),
(672, 'Organic Compound contaning Hal'),
(673, 'Alcohols, Phenol and Ethers'),
(674, 'Carbonyl Compounds'),
(675, 'Carboxylic Acids'),
(676, 'Organic compounds containing N'),
(677, 'Polymers'),
(678, 'Biomolecules'),
(679, 'Chemistry in Everyday Life'),
(680, 'Principles related to Practica'),
(681, 'Physics and Measurement'),
(682, 'Kinematics'),
(683, 'Laws of Motion'),
(684, 'Work, Energy and Power'),
(685, 'Rotational Motion'),
(686, 'Gravitation'),
(687, 'Properties of Solids and Liqui'),
(688, 'Thermodynamics'),
(689, 'Kinetic Theory of Gases'),
(690, 'Oscillation and Waves'),
(691, 'Electrostatics'),
(692, 'Current Electricity'),
(693, 'Magnetic Effects of Current an'),
(694, 'Electromagnetic Induction'),
(695, 'Alternating Currents'),
(696, 'Electromagnetic Waves'),
(697, 'Optics'),
(698, 'Dual Nature of Matter and Radi'),
(699, 'Atoms and Nuclei'),
(700, 'Electronic Devices'),
(701, 'Communication Systems'),
(702, 'Experimental Skills'),
(703, 'Complex Numbers and Quadratic '),
(704, 'Matrices and Deteerminants'),
(705, 'Permutations and Combinations'),
(706, 'Binomial Theorem and its Simpl'),
(707, 'Sequences and Series'),
(708, 'Limit, Continuity and Differen'),
(709, 'Integral Calculus'),
(710, 'Differential Equations'),
(711, 'Straight Lines'),
(712, 'Circles'),
(713, 'Conic Sections'),
(714, 'Three Dimensional Geometry'),
(715, 'Vector Algebra'),
(716, 'Statistics and Probability'),
(717, 'Trigonometry'),
(718, 'Physical Chemistry'),
(719, 'Some Basic concepts of Chemist'),
(720, 'Gaseous and Liquid State'),
(721, 'Atomic Structure'),
(722, 'Chemical Bonding '),
(723, 'Chemical Thermodynamics'),
(724, 'Solutions'),
(725, 'Chemical Equilibrium'),
(726, 'Ionic Equilibrium'),
(727, 'Solid State'),
(728, 'Electrochemistry'),
(729, 'Chemical Kinetics'),
(730, 'Surface Chemistry'),
(731, 'Inorganic Chemistry'),
(732, 'Classification of Elements and'),
(733, 'General Principles and Process'),
(734, 'Hydrogen'),
(735, 'S-Block Elements'),
(736, 'P-Block Elements'),
(737, 'Transition Elements (3d series'),
(738, 'Qualitative Analysis'),
(739, 'Organic Chemistry'),
(740, 'Purification and Characterisat'),
(741, 'Some Basic Principles of Organ'),
(742, 'Hydrocarbons'),
(743, 'Organic Compound contaning Hal'),
(744, 'Alcohols, Phenol and Ethers'),
(745, 'Carbonyl Compounds'),
(746, 'Carboxylic Acids'),
(747, 'Organic compounds containing N'),
(748, 'Polymers'),
(749, 'Carbohydrates and Amino acids'),
(750, 'Practical Organic Chemistry'),
(751, 'Physics and Measurement'),
(752, 'Kinematics'),
(753, 'Laws of Motion'),
(754, 'Work, Energy and Power'),
(755, 'Rotational Motion'),
(756, 'Gravitation'),
(757, 'Properties of Solids and Liqui'),
(758, 'Thermodynamics'),
(759, 'Kinetic Theory of Gases'),
(760, 'Oscillation and Waves'),
(761, 'Electrostatics'),
(762, 'Current Electricity'),
(763, 'Magnetic Effects of Current an'),
(764, 'Electromagnetic Induction'),
(765, 'Alternating Currents'),
(766, 'Electromagnetic Waves'),
(767, 'Optics'),
(768, 'Dual Nature of Matter and Radi'),
(769, 'Atoms and Nuclei'),
(770, 'Experimental Skills'),
(771, 'Aerospace Engineering'),
(772, 'Agricultural and Food Engineering'),
(773, 'Applied Geology'),
(774, 'Applied Geophysics'),
(775, 'Applied Mathematics'),
(776, 'Architecture'),
(777, 'Biochemical Engineering and Biotechnology'),
(778, 'Biological Engineering'),
(779, 'Biological Sciences'),
(780, 'Biologically-inspired Systems Science'),
(781, 'Biotechnology'),
(782, 'Ceramic Engineering'),
(783, 'Chemical Engineering'),
(784, 'Chemical Science and Technology'),
(785, 'Chemistry'),
(786, 'Civil Engineering'),
(787, 'Civil and Infrastructure Engineering'),
(788, 'Computer Science and Engineering'),
(789, 'Design'),
(790, 'Economics'),
(791, 'Electrical Engineering'),
(792, 'Electronics and Communication Engineering'),
(793, 'Electronics and Electrical Communication Engineering'),
(794, 'Electronics and Electrical Engineering'),
(795, 'Electronics and Instrumentation Engineering'),
(796, 'Electronics Engineering'),
(797, 'Energy Engineering'),
(798, 'Engineering Design'),
(799, 'Engineering Physics'),
(800, 'Engineering Science'),
(801, 'Environmental Engineering'),
(802, 'Exploration Geophysics'),
(803, 'Geological Technology'),
(804, 'Geophysical Technology'),
(805, 'Industrial Chemistry'),
(806, 'Industrial Engineering'),
(807, 'Instrumentation Engineering'),
(808, 'Manufacturing Science and Engineering'),
(809, 'Material Science and Metallurgical Engineering'),
(810, 'Materials Science and Engineering'),
(811, 'Materials Science and Technology'),
(812, 'Mathematics and Computing'),
(813, 'Mathematics and Scientific Computing'),
(814, 'Mechanical Engineering'),
(815, 'Metallurgical and Materials Engineering'),
(816, 'Metallurgical Engineering'),
(817, 'Metallurgical Engineering and Materials Science'),
(818, 'Mineral Engineering'),
(819, 'Mining Engineering'),
(820, 'Mining Machinery Engineering'),
(821, 'Mining Safety Engineering'),
(822, 'Naval Architecture and Ocean Engineering'),
(823, 'Petroleum Engineering'),
(824, 'Pharmaceutics'),
(825, 'Physics'),
(826, 'Polymer Science and Technology'),
(827, 'Process Engineering'),
(828, 'Production and Industrial Engineering'),
(829, 'Quality Engineering Design and Manufacturing'),
(830, 'Systems Science'),
(831, 'Textile Technology'),
(832, 'CAT'),
(833, 'IRMA'),
(834, 'XAT'),
(835, 'IIFT'),
(836, 'NMAT'),
(837, 'SNAP'),
(839, 'CMAT'),
(840, 'IBSAT'),
(841, 'TISS'),
(842, 'ATMA'),
(838, 'MAT');


-- --------------------------------------------------------

--
-- Table structure for table `booked`
--

CREATE TABLE IF NOT EXISTS `booked` (
  `tid` int(11) DEFAULT NULL,
  `starttime` int(11) DEFAULT NULL,
  `sid` int(11) DEFAULT NULL,
  `duration` int(11) DEFAULT NULL,
  `url` varchar(300) DEFAULT NULL,
  `feedback` varchar(3000) DEFAULT NULL,
  `feedbackStatus` varchar(5) NOT NULL,
  `feedbackHomepage` varchar(5) NOT NULL,
  `rate` int(11) DEFAULT NULL,
  `testfiles` varchar(1000) DEFAULT NULL,
  `solnfiles` varchar(1000) DEFAULT NULL,
  `marks` int(11) DEFAULT NULL,
  `c_id` int(11) DEFAULT NULL,
  `s_id` int(11) DEFAULT NULL,
  `t_id` int(11) DEFAULT NULL,
  `surl` varchar(300) DEFAULT NULL,
  `rurl` varchar(300) DEFAULT NULL,
  `class_id` int(11) DEFAULT NULL,
  `bookedat` int(11) DEFAULT NULL
) ENGINE=InnoDB DEFAULT CHARSET=latin1;

--
-- Dumping data for table `booked`
--

INSERT INTO `booked` (`tid`, `starttime`, `sid`, `duration`, `url`, `feedback`, `feedbackStatus`, `feedbackHomepage`, `rate`, `testfiles`, `solnfiles`, `marks`, `c_id`, `s_id`, `t_id`, `surl`, `rurl`, `class_id`, `bookedat`) VALUES
(2, 1436727600, 3, 1800, '', NULL, '', '', NULL, NULL, NULL, NULL, 1, 2, 22, '', '', 0, 1436506928),
(2, 1436758200, 3, 1800, '', NULL, '', '', NULL, NULL, NULL, NULL, 1, 2, 22, '', '', 0, 1436506928),
(2, 1437771600, 17, 1800, '', NULL, '', '', NULL, NULL, NULL, NULL, 5, 22, 242, '', '', 0, 1437379556),
(2, 1437804000, 17, 3600, '', NULL, '', '', NULL, NULL, NULL, NULL, 5, 22, 242, '', '', 0, 1437379556),
(18, 1437451200, 17, 1800, '', 'Some review', 'yes', '', 4, NULL, NULL, NULL, 5, 25, 281, '', '', 0, 1437379753),
(2, 1437769800, 17, 1800, '', NULL, '', '', NULL, NULL, NULL, NULL, 5, 22, 242, '', '', 0, 1437380360),
(2, 1438324200, 17, 1800, '', NULL, '', '', NULL, NULL, NULL, NULL, 6, 36, 410, '', '', 0, 1437380590),
(2, 1437944400, 17, 1800, '', NULL, '', '', NULL, NULL, NULL, NULL, 6, 36, 410, '', '', 0, 1437380685),
(2, 1437944400, 17, 1800, '', NULL, '', '', NULL, NULL, NULL, NULL, 6, 36, 410, '', '', 0, 1437380726),
(2, 1437888600, 17, 1800, '', NULL, '', '', NULL, NULL, NULL, NULL, 6, 36, 410, '', '', 0, 1437382070),
(2, 1438236000, 17, 1800, '', NULL, '', '', NULL, NULL, NULL, NULL, 6, 36, 410, '', '', 0, 1437383175),
(2, 1437681600, 17, 3600, '', NULL, '', '', NULL, NULL, NULL, NULL, 5, 22, 242, '', '', 0, 1437383679),
(2, 1437717600, 17, 1800, '', NULL, '', '', NULL, NULL, NULL, NULL, 5, 22, 242, '', '', 0, 1437383679),
(2, 1437850800, 17, 9000, '', NULL, '', '', NULL, NULL, NULL, NULL, 5, 22, 242, '', '', 0, 1437383749),
(2, 1437865200, 17, 3600, '', NULL, '', '', NULL, NULL, NULL, NULL, 5, 22, 242, '', '', 0, 1437383749),
(2, 1437881400, 17, 1800, '', NULL, '', '', NULL, NULL, NULL, NULL, 5, 22, 242, '', '', 0, 1437383749),
(2, 1437885000, 17, 3600, '', NULL, '', '', NULL, NULL, NULL, NULL, 5, 22, 242, '', '', 0, 1437383749),
(2, 1437890400, 17, 3600, '', NULL, '', '', NULL, NULL, NULL, NULL, 5, 22, 242, '', '', 0, 1437383749),
(2, 1437678000, 17, 1800, '', 'Yet another !', 'yes', '', 4, NULL, NULL, NULL, 5, 22, 242, '', '', 0, 1437383790),
(2, 1438282800, 17, 5400, '', NULL, '', '', NULL, NULL, NULL, NULL, 6, 36, 410, '', '', 0, 1437385157),
(2, 1438290000, 17, 1800, '', NULL, '', '', NULL, NULL, NULL, NULL, 6, 36, 410, '', '', 0, 1437385157),
(2, 1438297200, 17, 3600, '', NULL, '', '', NULL, NULL, NULL, NULL, 6, 36, 410, '', '', 0, 1437385157),
(2, 1438322400, 17, 1800, '', NULL, '', '', NULL, NULL, NULL, NULL, 6, 36, 410, '', '', 0, 1437385157),
(2, 1437445800, 17, 1800, '', NULL, '', '', NULL, NULL, NULL, NULL, 6, 36, 410, '', '', 0, 1437385403),
(2, 1437764400, 17, 1800, '', NULL, '', '', NULL, NULL, NULL, NULL, 6, 36, 410, '', '', 0, 1437385415),
(2, 1437512400, 17, 1800, '', NULL, '', '', NULL, NULL, NULL, NULL, 6, 36, 410, '', '', 0, 1437385428),
(2, 1437426000, 17, 1800, '', 'Some review', '', '', 4, NULL, NULL, NULL, 6, 36, 410, '', '', 0, 1437386523),
(2, 1437433200, 17, 3600, '', 'Some another review', '', '', 4, NULL, NULL, NULL, 6, 36, 410, '', '', 0, 1437386523),
(2, 1437766200, 17, 1800, '', NULL, '', '', NULL, NULL, NULL, NULL, 6, 36, 410, '', '', 0, 1437386538),
(2, 1437519600, 17, 1800, '', NULL, '', '', NULL, NULL, NULL, NULL, 6, 36, 410, '', '', 0, 1437386683),
(19, 1440131400, 17, 3600, '', NULL, '', '', NULL, NULL, NULL, NULL, 5, 22, 250, '', '', 0, 1439324317),
(19, 1440135000, 17, 3600, '', NULL, '', '', NULL, NULL, NULL, NULL, 5, 22, 250, '', '', 0, 1439356568),
(8, 1439870400, 17, 5400, '', NULL, '', '', NULL, NULL, NULL, NULL, 5, 22, 242, '', '', 0, 1439499464),
(8, 1439897400, 17, 3600, '', NULL, '', '', NULL, NULL, NULL, NULL, 5, 22, 242, '', '', 0, 1439499464),
(8, 1439902800, 17, 3600, '', NULL, '', '', NULL, NULL, NULL, NULL, 5, 22, 242, '', '', 0, 1439499464),
(8, 1439875800, 17, 7200, '', NULL, '', '', NULL, NULL, NULL, NULL, 5, 22, 242, '', '', 0, 1439499673),
(8, 1439910000, 17, 3600, '', NULL, '', '', NULL, NULL, NULL, NULL, 5, 22, 242, '', '', 0, 1439499673),
(8, 1439845200, 17, 5400, '', NULL, '', '', NULL, NULL, NULL, NULL, 5, 22, 242, '', '', 0, 1439499925),
(8, 1439854200, 17, 3600, '', NULL, '', '', NULL, NULL, NULL, NULL, 5, 22, 242, '', '', 0, 1439499925),
(8, 1439836200, 17, 5400, '', NULL, '', '', NULL, NULL, NULL, NULL, 5, 22, 242, '', '', 0, 1439500022),
(8, 1439917200, 17, 3600, '', NULL, '', '', NULL, NULL, NULL, NULL, 5, 22, 242, '', '', 0, 1439500022),
(8, 1439865000, 17, 5400, '', NULL, '', '', NULL, NULL, NULL, NULL, 5, 22, 242, '', '', 0, 1439500269),
(8, 1439884800, 17, 3600, '', NULL, '', '', NULL, NULL, NULL, NULL, 5, 22, 242, '', '', 0, 1439500269),
(8, 1439841600, 17, 1800, '', NULL, '', '', NULL, NULL, NULL, NULL, 5, 22, 242, '', '', 0, 1439537269),
(8, 1439913600, 17, 1800, '', NULL, '', '', NULL, NULL, NULL, NULL, 5, 22, 242, '', '', 0, 1439537269),
(8, 1440127800, 17, 3600, '', NULL, '', '', NULL, NULL, NULL, NULL, 5, 22, 242, '', '', 0, 1439820609),
(19, 1441909800, 17, 3600, '', NULL, '', '', NULL, NULL, NULL, NULL, 5, 22, 243, '', '', 0, 1441850015),
(19, 1441992600, 17, 3600, '', NULL, '', '', NULL, NULL, NULL, NULL, 6, 37, 429, '', '', 0, 1441854501),
(19, 1441989000, 17, 3600, '', NULL, '', '', NULL, NULL, NULL, NULL, 5, 22, 243, '', '', 0, 1441854782),
(19, 1441985400, 17, 3600, '', NULL, '', '', NULL, NULL, NULL, NULL, 5, 22, 243, '', '', 0, 1441854873),
(19, 1441981800, 17, 3600, '', NULL, '', '', NULL, NULL, NULL, NULL, 5, 22, 243, '', '', 0, 1441855070),
(19, 1441978200, 17, 3600, '', NULL, '', '', NULL, NULL, NULL, NULL, 5, 22, 243, '', '', 0, 1441855594),
(19, 1442070000, 17, 3600, '', NULL, '', '', NULL, NULL, NULL, NULL, 6, 37, 429, '', '', 0, 1441856115),
(19, 1442347200, 17, 3600, '', NULL, '', '', NULL, NULL, NULL, NULL, 6, 37, 429, '', '', 0, 1441856359),
(19, 1442442600, 17, 3600, '', NULL, '', '', NULL, NULL, NULL, NULL, 6, 37, 429, '', '', 0, 1441857065);

-- --------------------------------------------------------

--
-- Table structure for table `donefreedemo`
--

CREATE TABLE IF NOT EXISTS `donefreedemo` (
  `uid` int(11) NOT NULL,
  `tid` int(11) DEFAULT NULL,
  `time` int(11) DEFAULT NULL,
  UNIQUE KEY `uniq_likes` (`uid`,`tid`)
) ENGINE=InnoDB DEFAULT CHARSET=latin1;

--
-- Dumping data for table `donefreedemo`
--

INSERT INTO `donefreedemo` (`uid`, `tid`, `time`) VALUES
(17, 8, 1439820609),
(17, 19, 1441850015);

-- --------------------------------------------------------

--
-- Table structure for table `moneyaccount`
--

CREATE TABLE IF NOT EXISTS `moneyaccount` (
  `id` int(11) NOT NULL AUTO_INCREMENT,
  `uid` int(11) DEFAULT NULL,
  `content` varchar(1000) DEFAULT NULL,
  `time` int(11) DEFAULT NULL,
  `amount` int(11) DEFAULT NULL,
  `PayUMoney` int(11) DEFAULT '0',
  `txnid` varchar(64) DEFAULT NULL,
  PRIMARY KEY (`id`)
) ENGINE=InnoDB  DEFAULT CHARSET=latin1 AUTO_INCREMENT=55 ;

--
-- Dumping data for table `moneyaccount`
--

INSERT INTO `moneyaccount` (`id`, `uid`, `content`, `time`, `amount`, `PayUMoney`, `txnid`) VALUES
(1, 1, 'You added in account of yogy saini(t)', 1436505112, -500, 0, NULL),
(2, 2, 'Admin added in your account', 1436505112, 500, 0, NULL),
(3, 1, 'You added in account of yogy saini(t)', 1436505127, -500, 0, NULL),
(4, 2, 'Admin added in your account', 1436505127, 500, 0, NULL),
(5, 1, 'You added in account of Rohit(s)', 1436506726, -2000, 0, NULL),
(6, 3, 'Admin added in your account', 1436506726, 2000, 0, NULL),
(7, 3, 'You booked class of Class-VI, Science, Body Movements with teacher yogy saini ', 1436506928, -1800, 0, NULL),
(8, 1, 'You added in account of asdas asdsad(t)', 1437305876, -12312, 0, NULL),
(9, 13, 'Admin added in your account', 1437305876, 12312, 0, NULL),
(10, 1, 'You added in account of asdas asdsad(t)', 1437305886, -12312, 0, NULL),
(11, 13, 'Admin added in your account', 1437305886, 12312, 0, NULL),
(12, 1, 'You added in account of asdas asdsad(t)', 1437305919, -632, 0, NULL),
(13, 13, 'Admin added in your account', 1437305919, 632, 0, NULL),
(14, 1, 'You added in account of asdas asdsad(t)', 1437305961, -123, 0, NULL),
(15, 13, 'Admin added in your account', 1437305961, 123, 0, NULL),
(16, 1, 'You added in account of asdas asdsad(t)', 1437306010, -123, 0, NULL),
(17, 13, 'Admin added in your account', 1437306010, 123, 0, NULL),
(18, 1, 'You added in account of asdas asdsad(t)', 1437306396, -234, 0, NULL),
(19, 13, 'Admin added in your account', 1437306396, 234, 0, NULL),
(20, 1, 'You added in account of asdas asdsad(t)', 1437306457, -232, 0, NULL),
(21, 13, 'Admin added in your account', 1437306457, 232, 0, NULL),
(22, 1, 'You added in account of Narayan Waraich(s)', 1437380335, -200, 0, NULL),
(23, 17, 'Admin added in your account', 1437380335, 200, 0, NULL),
(24, 17, 'You booked class of Class-X, Science, Chemical Reactions and Equatio with teacher yogy saini ', 1437380360, -900, 0, NULL),
(25, 17, 'You booked class of Class XI, Mathematics, Relations and Functions with teacher yogy saini ', 1437380589, -900, 0, NULL),
(26, 17, 'You booked class of Class XI, Mathematics, Relations and Functions with teacher yogy saini ', 1437380684, -900, 0, NULL),
(27, 17, 'You booked class of Class XI, Mathematics, Relations and Functions with teacher yogy saini ', 1437380726, -900, 0, NULL),
(28, 17, 'You booked class of Class XI, Mathematics, Relations and Functions with teacher yogy saini ', 1437382070, -900, 0, NULL),
(29, 17, 'You booked class of Class XI, Mathematics, Relations and Functions with teacher yogy saini ', 1437383174, -900, 0, NULL),
(30, 17, 'You booked class of Class-X, Science, Chemical Reactions and Equatio with teacher yogy saini ', 1437383679, -2700, 0, NULL),
(31, 17, 'You booked class of Class-X, Science, Chemical Reactions and Equatio with teacher yogy saini ', 1437383749, -10800, 0, NULL),
(32, 17, 'You booked class of Class-X, Science, Chemical Reactions and Equatio with teacher yogy saini ', 1437383790, -900, 0, NULL),
(33, 1, 'You added in account of Narayan Waraich(s)', 1437385072, -34100, 0, NULL),
(34, 17, 'Admin added in your account', 1437385073, 34100, 0, NULL),
(35, 17, 'You booked class of Class XI, Mathematics, Relations and Functions with teacher yogy saini ', 1437385157, -6300, 0, NULL),
(36, 17, 'You booked class of Class XI, Mathematics, Relations and Functions with teacher yogy saini ', 1437385403, -900, 0, NULL),
(37, 17, 'You booked class of Class XI, Mathematics, Relations and Functions with teacher yogy saini ', 1437385415, -900, 0, NULL),
(38, 17, 'You booked class of Class XI, Mathematics, Relations and Functions with teacher yogy saini ', 1437385428, -900, 0, NULL),
(39, 17, 'You booked class of Class XI, Mathematics, Relations and Functions with teacher yogy saini ', 1437386523, -2700, 0, NULL),
(40, 17, 'You booked class of Class XI, Mathematics, Relations and Functions with teacher yogy saini ', 1437386538, -900, 0, NULL),
(41, 17, 'You booked class of Class XI, Mathematics, Relations and Functions with teacher yogy saini ', 1437386683, -900, 0, NULL),
(42, 2, 'You taught class of Class XI, Mathematics, Relations and Functions to Narayan Waraich ', 1439324353, 900, 0, NULL),
(43, 18, 'You taught class of Class-X, Mathematics, Areas Related to Circles to Narayan Waraich ', 1439324366, 100, 0, NULL),
(44, 2, 'You taught class of Class XI, Mathematics, Relations and Functions to Narayan Waraich ', 1439324382, 1800, 0, NULL),
(45, 2, 'You taught class of Class-X, Science, Chemical Reactions and Equatio to Narayan Waraich ', 1439324395, 900, 0, NULL),
(46, 17, 'You booked class of Class-X, Science, Heredity and Evolution with teacher Narayan Waraich ', 1439356568, -1000, 0, NULL),
(47, 17, 'You booked class of Class XI, Chemistry, States of Matter with teacher Narayan Waraich', 1441854500, 11, -11, 'b1b3c26343d1a3ebe1ef'),
(48, 17, 'You booked class of Class-X, Science, Acids, Bases and Salts with teacher Narayan Waraich ', 1441854782, -1, 1, NULL),
(49, 17, 'You booked class of Class-X, Science, Acids, Bases and Salts with teacher Narayan Waraich ', 1441854873, -1, 1, NULL),
(50, 17, 'You booked class of Class-X, Science, Acids, Bases and Salts with teacher Narayan Waraich ', 1441855070, -1, 1, NULL),
(51, 17, 'You booked class of Class-X, Science, Acids, Bases and Salts with teacher Narayan Waraich ', 1441855594, -1, 1, NULL),
(52, 17, 'You booked class of Class XI, Chemistry, States of Matter with teacher Narayan Waraich', 1441856115, 11, -11, '13909198b8f20e35ea02'),
(53, 17, 'You booked class of Class XI, Chemistry, States of Matter with teacher Narayan Waraich', 1441856359, 11, -11, 'fce1df6237baba7e13c8'),
(54, 17, 'You booked class of Class XI, Chemistry, States of Matter with teacher Narayan Waraich', 1441857065, 11, -11, '4bbe24f91d4afc3bc643');

-- --------------------------------------------------------

--
-- Table structure for table `msreview`
--

CREATE TABLE IF NOT EXISTS `msreview` (
  `feedback` varchar(3000) DEFAULT NULL,
  `time` int(11) DEFAULT NULL,
  `ip` varchar(20) DEFAULT NULL
) ENGINE=InnoDB DEFAULT CHARSET=latin1;

-- --------------------------------------------------------

--
-- Table structure for table `notf`
--

CREATE TABLE IF NOT EXISTS `notf` (
  `id` int(11) NOT NULL AUTO_INCREMENT,
  `uid` int(11) DEFAULT NULL,
  `content` varchar(1000) DEFAULT NULL,
  `time` int(11) DEFAULT NULL,
  `isr` varchar(1) DEFAULT NULL,
  `url` varchar(100) DEFAULT NULL,
  `sid` int(11) DEFAULT NULL,
  PRIMARY KEY (`id`)
) ENGINE=InnoDB DEFAULT CHARSET=latin1 AUTO_INCREMENT=1 ;

-- --------------------------------------------------------

--
-- Table structure for table `rating`
--

CREATE TABLE IF NOT EXISTS `rating` (
  `id` int(11) NOT NULL AUTO_INCREMENT,
  `user_id` int(11) NOT NULL,
  `teacher_id` int(11) NOT NULL,
  `rating` int(5) NOT NULL,
  PRIMARY KEY (`id`)
) ENGINE=InnoDB  DEFAULT CHARSET=latin1 AUTO_INCREMENT=5 ;

--
-- Dumping data for table `rating`
--

INSERT INTO `rating` (`id`, `user_id`, `teacher_id`, `rating`) VALUES
(1, 14, 2, 1),
(2, 17, 2, 5),
(3, 17, 11, 2),
(4, 17, 20, 5);

-- --------------------------------------------------------

--
-- Table structure for table `subjects`
--

CREATE TABLE IF NOT EXISTS `subjects` (
  `id` int(11) NOT NULL AUTO_INCREMENT,
  `tid` int(11) DEFAULT NULL,
  `c_id` int(11) DEFAULT NULL,
  `s_id` int(11) DEFAULT NULL,
  `t_id` int(11) DEFAULT NULL,
  `timer` int(11) DEFAULT NULL,
  `price` int(11) DEFAULT NULL,
  PRIMARY KEY (`id`),
  UNIQUE KEY `tid` (`tid`,`c_id`,`s_id`,`t_id`)
) ENGINE=InnoDB  DEFAULT CHARSET=latin1 AUTO_INCREMENT=42 ;

--
-- Dumping data for table `subjects`
--

INSERT INTO `subjects` (`id`, `tid`, `c_id`, `s_id`, `t_id`, `timer`, `price`) VALUES
(3, 2, 6, 36, 410, 3, 1800),
(5, 2, 5, 22, 242, 3, 1800),
(6, 18, 7, 50, 613, 0, 200),
(7, 18, 6, 37, 431, 0, 200),
(8, 18, 5, 25, 281, 0, 200),
(9, 19, 5, 22, 250, 0, 1000),
(10, 19, 7, 50, 611, 0, 1000),
(11, 19, 6, 38, 442, 0, 1000),
(12, 19, 8, 54, 685, 0, 1000),
(13, 20, 5, 25, 278, 0, 500),
(14, 20, 7, 50, 613, 0, 500),
(15, 20, 5, 22, 248, 0, 500),
(16, 20, 7, 50, 609, 0, 500),
(17, 21, 6, 37, 432, 0, 300),
(18, 21, 7, 49, 593, 0, 300),
(19, 21, 8, 53, 657, 0, 300),
(20, 22, 6, 36, 416, 0, 200),
(21, 22, 8, 54, 695, 0, 200),
(22, 22, 5, 22, 246, 0, 200),
(23, 5, 5, 25, 278, 0, 3000),
(24, 5, 7, 50, 608, 0, 3000),
(25, 5, 9, 56, 727, 0, 3000),
(26, 5, 5, 25, 283, 0, 3000),
(27, 7, 7, 49, 593, 0, 2500),
(28, 7, 7, 49, 587, 0, 2500),
(29, 7, 7, 50, 606, 0, 2500),
(30, 7, 7, 48, 580, 0, 2500),
(31, 7, 9, 56, 730, 0, 2500),
(32, 11, 6, 38, 446, 0, 2500),
(33, 11, 6, 36, 414, 0, 2500),
(35, 11, 6, 38, 441, 0, 2500),
(36, 11, 6, 38, 452, 0, 2500),
(37, 8, 5, 22, 242, 0, 5000),
(38, 8, 7, 49, 596, 0, 5000),
(39, 8, 5, 25, 280, 0, 5000),
(40, 19, 5, 22, 243, 0, 1),
(41, 19, 6, 37, 429, 0, 11);

-- --------------------------------------------------------

--
-- Table structure for table `teachers`
--

CREATE TABLE IF NOT EXISTS `teachers` (
  `tid` int(11) NOT NULL,
  `iit` int(11) DEFAULT NULL,
  `iitentryyear` int(11) DEFAULT NULL,
  `degree` varchar(100) DEFAULT NULL,
  `experience` varchar(1000) DEFAULT NULL,
  `addinfo` varchar(1000) DEFAULT NULL,
  `isselected` varchar(1) DEFAULT NULL,
  `rating` float DEFAULT NULL,
  `rating_total` int(5) DEFAULT NULL,
  `youtubelink` varchar(200) DEFAULT NULL,
  `jsoninfo` varchar(1000) DEFAULT NULL,
  `teachingexp` int(11) DEFAULT NULL,
  `lang` varchar(100) DEFAULT NULL,
  `teachermoto` varchar(100) DEFAULT NULL
) ENGINE=InnoDB DEFAULT CHARSET=latin1;

--
-- Dumping data for table `teachers`
--

INSERT INTO `teachers` (`tid`, `iit`, `iitentryyear`, `degree`, `experience`, `addinfo`, `isselected`, `rating`, `rating_total`, `youtubelink`, `jsoninfo`, `teachingexp`, `lang`, `teachermoto`) VALUES
(2, NULL, NULL, NULL, NULL, NULL, 'a', 3.64, 3, NULL, '{"college":"Hyderabad","subother":"","minfees":"1800","resume":"","calvarification":"data\\/files\\/1436504586__689d7d039.jpg","degree":"btech","degreeother":"","branch":"Computer & Science","city":"b-1123 sivalik malviya nagar","zipcode":"333111222","state":"Delhi","country":"India","linkprofile":"","feedback":"     ","knowaboutusother":"","sub":"1-2-other-","grade":"3","knowaboutus":"1-other-","home":"1"}', 1, '1-2', 'My'),
(5, NULL, NULL, NULL, NULL, NULL, 'f', NULL, 0, NULL, '{"college":"Hyderabad","subother":"","minfees":"3000","resume":"","calvarification":"","degree":"mtech","degreeother":"","branch":"asdas","city":"city","zipcode":"451245","state":"Delhi","country":"India","linkprofile":"","feedback":"     ","knowaboutusother":"","sub":"1-2-3-other-","grade":"1","knowaboutus":"1-other-","home":"1"}', 15, '1-2-3', NULL),
(6, NULL, NULL, NULL, NULL, NULL, 'a', NULL, 0, NULL, '{"college":"Delhi","subother":"","minfees":"8000","resume":"data\\/files\\/1437196447__689d7d039resume.jpg","calvarification":"","degree":"mtech","degreeother":"","branch":"Computer & Science","city":"asda","zipcode":"12312","state":"asd","country":"Barbados","linkprofile":"","feedback":"     asdsd","knowaboutusother":"","sub":"1-2-3-4-5-other-","grade":"1-2-3-4","knowaboutus":"1-2-3-other-","home":"1"}', 17, '1-2-3-4-5-6-7-8-9-10-11-12-13-14', NULL),
(7, NULL, NULL, NULL, NULL, NULL, 'a', NULL, 0, NULL, '{"college":"Varanasi","subother":"","minfees":"2500","resume":"","calvarification":"","degree":"phd","degreeother":"","branch":"sdad","city":"asd","zipcode":"asd","state":"asd","country":"Bahrain","linkprofile":"","feedback":"     ","knowaboutusother":"","sub":"1-2-other-","grade":"2","knowaboutus":"1-2-other-","home":"1"}', 14, '1-2', NULL),
(8, NULL, NULL, NULL, NULL, NULL, 'a', NULL, 0, NULL, '{"college":"Delhi","subother":"","minfees":"5000","resume":"","calvarification":"","degree":"btech","degreeother":"","branch":"asd","city":"as","zipcode":"asas","state":"asa","country":"Barbados","linkprofile":"","feedback":"     ","knowaboutusother":"","sub":"1-2-other-","grade":"2","knowaboutus":"1-2-other-","home":"1"}', 15, '1-2', NULL),
(9, NULL, NULL, NULL, NULL, NULL, 'a', NULL, 0, NULL, '{"college":"Roorkee","subother":"","minfees":"2500","resume":"","calvarification":"","degree":"phd","degreeother":"","branch":"asd","city":"asd","zipcode":"asdas","state":"asd","country":"Barbados","linkprofile":"","feedback":"     ","knowaboutusother":"","sub":"1-2-other-","grade":"1-2","knowaboutus":"1-2-other-","home":"1"}', 15, '1-2', NULL),
(10, NULL, NULL, NULL, NULL, NULL, 'a', NULL, 0, NULL, '{"college":"Roorkee","subother":"","minfees":"2500","resume":"","calvarification":"","degree":"phd","degreeother":"","branch":"asd","city":"asd","zipcode":"asdas","state":"asd","country":"Barbados","linkprofile":"","feedback":"     ","knowaboutusother":"","sub":"1-2-other-","grade":"1-2","knowaboutus":"1-2-other-","home":"1"}', 15, '1-2', NULL),
(11, NULL, NULL, NULL, NULL, NULL, 'a', 2, 1, NULL, '{"college":"Roorkee","subother":"","minfees":"2500","resume":"","calvarification":"","degree":"phd","degreeother":"","branch":"asd","city":"asd","zipcode":"asdas","state":"asd","country":"Barbados","linkprofile":"","feedback":"     ","knowaboutusother":"","sub":"1-2-other-","grade":"1-2","knowaboutus":"1-2-other-","home":"1"}', 15, '1-2', NULL),
(12, NULL, NULL, NULL, NULL, NULL, 'a', NULL, 0, NULL, '{"college":"Varanasi","subother":"","minfees":"3000","resume":"","calvarification":"","degree":"phd","degreeother":"","branch":"cs","city":"zc","zipcode":"zxc","state":"zxc","country":"Bangladesh","linkprofile":"","feedback":"     ","knowaboutusother":"","sub":"1-3-other-","grade":"1","knowaboutus":"1-2-other-","home":"1"}', 15, '1-2', NULL),
(13, NULL, NULL, NULL, NULL, NULL, 'a', NULL, 0, NULL, '{"college":"Varanasi","subother":"","minfees":"3000","resume":"","calvarification":"","degree":"phd","degreeother":"","branch":"cs","city":"zc","zipcode":"zxc","state":"zxc","country":"Bangladesh","linkprofile":"","feedback":"     ","knowaboutusother":"","sub":"1-3-other-","grade":"1","knowaboutus":"1-2-other-","home":"1"}', 15, '1-2', NULL),
(18, NULL, NULL, NULL, NULL, NULL, 'a', NULL, 0, NULL, '{"college":"Kanpur","subother":"","minfees":"200","resume":"data\\/files\\/1437379253__689d7d039resume.doc","calvarification":"data\\/files\\/1437379253__689d7d039.doc","degree":"btech","degreeother":"","branch":"EEE","city":"Chandigarh","zipcode":"160015","state":"Chandigarh","country":"India","linkprofile":"","feedback":"     ","knowaboutusother":"","sub":"1-2-3-other-","grade":"3","knowaboutus":"3-other-","home":"1"}', 1, '1-2-14', NULL),
(19, NULL, NULL, NULL, NULL, NULL, 'a', NULL, 0, NULL, '{"college":"Bombay","subother":"","minfees":"1000","resume":"data\\/files\\/1438239773__689d7d039resume.docx","calvarification":"","degree":"btech","degreeother":"","branch":"EEE","city":"Chandigarh","zipcode":"160015","state":"Chandigarh","country":"India","linkprofile":"","feedback":"     ","knowaboutusother":"","sub":"1-2-3-other-","grade":"2-3-4","knowaboutus":"3-other-","home":"1"}', 1, '1-2-14', NULL),
(20, NULL, NULL, NULL, NULL, NULL, 'a', 5, 1, NULL, '{"college":"Indore","subother":"","minfees":"500","resume":"data\\/files\\/1438242230__689d7d039resume.docx","calvarification":"","degree":"mtech","degreeother":"","branch":"EEE","city":"afqwfqef","zipcode":"efqf","state":"wefq","country":"India","linkprofile":"","feedback":"     ","knowaboutusother":"","sub":"1-2-3-other-","grade":"2-4","knowaboutus":"3-other-","home":"1"}', 5, '1-2-14', NULL),
(21, NULL, NULL, NULL, NULL, NULL, 'a', NULL, 0, NULL, '{"college":"Gandhinagar","subother":"","minfees":"300","resume":"data\\/files\\/1438242430__689d7d039resume.docx","calvarification":"","degree":"mtech","degreeother":"","branch":"afqf","city":"Chandigarh","zipcode":"efqf","state":"Chandigarh","country":"India","linkprofile":"","feedback":"     ","knowaboutusother":"","sub":"1-2-3-4-other-","grade":"1-2-3-4","knowaboutus":"1-other-","home":"1"}', 3, '1-2-14', NULL),
(22, NULL, NULL, NULL, NULL, NULL, 'a', NULL, 0, NULL, '{"college":"Bhubaneswar","subother":"","minfees":"200","resume":"data\\/files\\/1438242536__689d7d039resume.docx","calvarification":"","degree":"btech","degreeother":"","branch":"afqf","city":"afqwfqef","zipcode":"fwyqgfu","state":"qefqf","country":"India","linkprofile":"","feedback":"     ","knowaboutusother":"","sub":"1-2-3-4-other-","grade":"1-4","knowaboutus":"1-3-other-","home":"1"}', 1, '1-2-14', NULL);

-- --------------------------------------------------------

--
-- Table structure for table `timeslot`
--

CREATE TABLE IF NOT EXISTS `timeslot` (
  `tid` int(11) DEFAULT NULL,
  `starttime` int(11) DEFAULT NULL,
  `sid` int(11) DEFAULT NULL,
  UNIQUE KEY `tid_dt_slot` (`tid`,`starttime`)
) ENGINE=InnoDB DEFAULT CHARSET=latin1;

--
-- Dumping data for table `timeslot`
--

INSERT INTO `timeslot` (`tid`, `starttime`, `sid`) VALUES
(2, 1436725800, NULL),
(2, 1436727600, 3),
(2, 1436758200, 3),
(2, 1436898600, NULL),
(2, 1436900400, NULL),
(2, 1436931000, NULL),
(2, 1436729400, NULL),
(2, 1436731200, NULL),
(2, 1436734800, NULL),
(2, 1436736600, NULL),
(2, 1436740200, NULL),
(2, 1436742000, NULL),
(2, 1436743800, NULL),
(2, 1436745600, NULL),
(2, 1436747400, NULL),
(2, 1436751000, NULL),
(2, 1436752800, NULL),
(2, 1436763600, NULL),
(2, 1436769000, NULL),
(2, 1436770800, NULL),
(2, 1436772600, NULL),
(2, 1436778000, NULL),
(2, 1436794200, NULL),
(2, 1436796000, NULL),
(2, 1436801400, NULL),
(2, 1436803200, NULL),
(2, 1436806800, NULL),
(2, 1436808600, NULL),
(2, 1437678000, 17),
(2, 1437679800, NULL),
(2, 1437681600, 17),
(2, 1437683400, 17),
(2, 1437685200, NULL),
(2, 1437764400, 17),
(2, 1437766200, 17),
(2, 1437768000, NULL),
(2, 1437769800, 17),
(2, 1437771600, 17),
(2, 1437850800, 17),
(2, 1437852600, 17),
(2, 1437854400, 17),
(2, 1437856200, 17),
(2, 1437858000, 17),
(2, 1437937200, NULL),
(2, 1437939000, NULL),
(2, 1437940800, NULL),
(2, 1437942600, NULL),
(2, 1437944400, 17),
(2, 1438023600, NULL),
(2, 1438025400, NULL),
(2, 1438027200, NULL),
(2, 1438029000, NULL),
(2, 1438030800, NULL),
(2, 1438110000, NULL),
(2, 1438111800, NULL),
(2, 1438113600, NULL),
(2, 1438115400, NULL),
(2, 1438117200, NULL),
(2, 1438196400, NULL),
(2, 1438198200, NULL),
(2, 1438200000, NULL),
(2, 1438201800, NULL),
(2, 1438203600, NULL),
(2, 1438282800, 17),
(2, 1438284600, 17),
(2, 1438286400, 17),
(2, 1438288200, NULL),
(2, 1438290000, 17),
(2, 1437024600, NULL),
(2, 1437030000, NULL),
(2, 1437033600, NULL),
(2, 1437145200, NULL),
(2, 1437147000, NULL),
(2, 1437152400, NULL),
(2, 1437154200, NULL),
(2, 1563431400, NULL),
(2, 1563435000, NULL),
(2, 1563440400, NULL),
(2, 1437031800, NULL),
(2, 1437035400, NULL),
(2, 1437039000, NULL),
(2, 1437044400, NULL),
(2, 1437048000, NULL),
(2, 1437049800, NULL),
(2, 1437057000, NULL),
(2, 1437186600, NULL),
(2, 1437190200, NULL),
(2, 1437193800, NULL),
(2, 1437195600, NULL),
(2, 1437197400, NULL),
(2, 1437204600, NULL),
(2, 1437208200, NULL),
(2, 1437211800, NULL),
(2, 1437217200, NULL),
(2, 1437220800, NULL),
(2, 1437222600, NULL),
(2, 1437229800, NULL),
(2, 1437445800, 17),
(2, 1437449400, NULL),
(2, 1437453000, NULL),
(2, 1437454800, NULL),
(2, 1437456600, NULL),
(2, 1437463800, NULL),
(2, 1437467400, NULL),
(2, 1437471000, NULL),
(2, 1437476400, NULL),
(2, 1437480000, NULL),
(2, 1437481800, NULL),
(2, 1437489000, NULL),
(2, 1437532200, NULL),
(2, 1437535800, NULL),
(2, 1437539400, NULL),
(2, 1437541200, NULL),
(2, 1437543000, NULL),
(2, 1437550200, NULL),
(2, 1437553800, NULL),
(2, 1437557400, NULL),
(2, 1437562800, NULL),
(2, 1437566400, NULL),
(2, 1437568200, NULL),
(2, 1437575400, NULL),
(2, 1437618600, NULL),
(2, 1437622200, NULL),
(2, 1437625800, NULL),
(2, 1437627600, NULL),
(2, 1437629400, NULL),
(2, 1437636600, NULL),
(2, 1437640200, NULL),
(2, 1437643800, NULL),
(2, 1437649200, NULL),
(2, 1437652800, NULL),
(2, 1437654600, NULL),
(2, 1437661800, NULL),
(2, 1437087600, NULL),
(2, 1437089400, NULL),
(2, 1437080400, NULL),
(2, 1437112800, NULL),
(2, 1437114600, NULL),
(2, 1437166800, NULL),
(2, 1437174000, NULL),
(2, 1437175800, NULL),
(2, 1437199200, NULL),
(2, 1437201000, NULL),
(2, 1437253200, NULL),
(2, 1437260400, NULL),
(2, 1437262200, NULL),
(2, 1437285600, NULL),
(2, 1437287400, NULL),
(2, 1437339600, NULL),
(2, 1437346800, NULL),
(2, 1437348600, NULL),
(2, 1437372000, NULL),
(2, 1437373800, NULL),
(2, 1437426000, 17),
(2, 1437433200, 17),
(2, 1437435000, 17),
(2, 1437458400, NULL),
(2, 1437460200, NULL),
(2, 1437512400, 17),
(2, 1437519600, 17),
(2, 1437521400, NULL),
(2, 1437544800, NULL),
(2, 1437546600, NULL),
(2, 1437598800, NULL),
(2, 1437606000, NULL),
(2, 1437607800, NULL),
(2, 1437631200, NULL),
(2, 1437633000, NULL),
(2, 1437692400, NULL),
(2, 1437694200, NULL),
(2, 1437717600, 17),
(2, 1437719400, NULL),
(2, 1437778800, NULL),
(2, 1437780600, NULL),
(2, 1437804000, 17),
(2, 1437805800, 17),
(2, 1437865200, 17),
(2, 1437867000, 17),
(2, 1437890400, 17),
(2, 1437892200, 17),
(2, 1437951600, NULL),
(2, 1437953400, NULL),
(2, 1437976800, NULL),
(2, 1437978600, NULL),
(2, 1438038000, NULL),
(2, 1438039800, NULL),
(2, 1438063200, NULL),
(2, 1438065000, NULL),
(2, 1438124400, NULL),
(2, 1438126200, NULL),
(2, 1438149600, NULL),
(2, 1438151400, NULL),
(2, 1438210800, NULL),
(2, 1438212600, NULL),
(2, 1438236000, 17),
(2, 1438237800, NULL),
(2, 1438297200, 17),
(2, 1438299000, 17),
(2, 1438322400, 17),
(2, 1438324200, 17),
(2, 1437881400, 17),
(2, 1437885000, 17),
(2, 1437886800, 17),
(2, 1437888600, 17),
(18, 1437451200, 17),
(18, 1437472800, NULL),
(18, 1437474600, NULL),
(18, 1437492600, NULL),
(18, 1437494400, NULL),
(18, 1437535800, NULL),
(18, 1437561000, NULL),
(18, 1437562800, NULL),
(18, 1437579000, NULL),
(18, 1437580800, NULL),
(19, 1438284600, NULL),
(19, 1438295400, NULL),
(19, 1438313400, NULL),
(19, 1438322400, NULL),
(20, 1438315200, NULL),
(20, 1438317000, NULL),
(20, 1438324200, NULL),
(20, 1438326000, NULL),
(21, 1438313400, NULL),
(21, 1438315200, NULL),
(21, 1438322400, NULL),
(21, 1438344000, NULL),
(21, 1438345800, NULL),
(21, 1438362000, NULL),
(22, 1438315200, NULL),
(22, 1438317000, NULL),
(22, 1438318800, NULL),
(22, 1438320600, NULL),
(22, 1438322400, NULL),
(22, 1438351200, NULL),
(22, 1438353000, NULL),
(22, 1438354800, NULL),
(22, 1438356600, NULL),
(5, 1438632000, NULL),
(5, 1438637400, NULL),
(5, 1438664400, NULL),
(7, 1438833600, NULL),
(7, 1438835400, NULL),
(7, 1438837200, NULL),
(7, 1438846200, NULL),
(7, 1438851600, NULL),
(7, 1438853400, NULL),
(7, 1438869600, NULL),
(7, 1438871400, NULL),
(7, 1438873200, NULL),
(7, 1438878600, NULL),
(11, 1438579800, NULL),
(11, 1438583400, NULL),
(11, 1438585200, NULL),
(11, 1438587000, NULL),
(11, 1438588800, NULL),
(11, 1438601400, NULL),
(11, 1438603200, NULL),
(11, 1438614000, NULL),
(11, 1438619400, NULL),
(11, 1438621200, NULL),
(19, 1439962200, NULL),
(19, 1439964000, NULL),
(19, 1439965800, NULL),
(19, 1439967600, NULL),
(19, 1440129600, NULL),
(19, 1440131400, 17),
(19, 1440133200, 17),
(19, 1440135000, 17),
(19, 1440136800, 17),
(19, 1440138600, NULL),
(19, 1440167400, NULL),
(19, 1440169200, NULL),
(19, 1440171000, NULL),
(19, 1440174600, NULL),
(19, 1440176400, NULL),
(8, 1440127800, 17),
(8, 1440129600, 17),
(8, 1440131400, NULL),
(8, 1440133200, NULL),
(8, 1440135000, NULL),
(8, 1440136800, NULL),
(8, 1440142200, NULL),
(8, 1440144000, NULL),
(8, 1440145800, NULL),
(8, 1440165600, NULL),
(8, 1440167400, NULL),
(8, 1440268200, NULL),
(8, 1440270000, NULL),
(8, 1440271800, NULL),
(8, 1440273600, NULL),
(8, 1440275400, NULL),
(8, 1440277200, NULL),
(8, 1440279000, NULL),
(8, 1440280800, NULL),
(8, 1440282600, NULL),
(8, 1440284400, NULL),
(8, 1440286200, NULL),
(8, 1440288000, NULL),
(8, 1440289800, NULL),
(8, 1440291600, NULL),
(8, 1440293400, NULL),
(8, 1440295200, NULL),
(8, 1440297000, NULL),
(8, 1440298800, NULL),
(8, 1440300600, NULL),
(8, 1440302400, NULL),
(8, 1440304200, NULL),
(8, 1440306000, NULL),
(8, 1440307800, NULL),
(8, 1440309600, NULL),
(8, 1440311400, NULL),
(8, 1440313200, NULL),
(8, 1440315000, NULL),
(8, 1440316800, NULL),
(8, 1440318600, NULL),
(8, 1440320400, NULL),
(8, 1440322200, NULL),
(8, 1440324000, NULL),
(8, 1440325800, NULL),
(8, 1440327600, NULL),
(8, 1440329400, NULL),
(8, 1440331200, NULL),
(8, 1440333000, NULL),
(8, 1440334800, NULL),
(8, 1440336600, NULL),
(8, 1440338400, NULL),
(8, 1440340200, NULL),
(8, 1440342000, NULL),
(8, 1440343800, NULL),
(8, 1440345600, NULL),
(8, 1440347400, NULL),
(8, 1440349200, NULL),
(8, 1440351000, NULL),
(8, 1440352800, NULL),
(8, 1440181800, NULL),
(8, 1440183600, NULL),
(8, 1440185400, NULL),
(8, 1440187200, NULL),
(8, 1440189000, NULL),
(8, 1440190800, NULL),
(8, 1440192600, NULL),
(8, 1440198000, NULL),
(8, 1440199800, NULL),
(8, 1440201600, NULL),
(8, 1440203400, NULL),
(8, 1440205200, NULL),
(8, 1440207000, NULL),
(8, 1440208800, NULL),
(8, 1440214200, NULL),
(8, 1440216000, NULL),
(8, 1440217800, NULL),
(8, 1440219600, NULL),
(8, 1440221400, NULL),
(8, 1440226800, NULL),
(8, 1440228600, NULL),
(8, 1440230400, NULL),
(8, 1440232200, NULL),
(8, 1440234000, NULL),
(8, 1440239400, NULL),
(8, 1440241200, NULL),
(8, 1440243000, NULL),
(8, 1440244800, NULL),
(8, 1440246600, NULL),
(8, 1440248400, NULL),
(8, 1440250200, NULL),
(8, 1440255600, NULL),
(8, 1440257400, NULL),
(8, 1440259200, NULL),
(8, 1440261000, NULL),
(8, 1440262800, NULL),
(8, 1440264600, NULL),
(8, 1440266400, NULL),
(8, 1439836200, 17),
(8, 1439838000, 17),
(8, 1439839800, 17),
(8, 1439841600, 17),
(8, 1439843400, NULL),
(8, 1439845200, 17),
(8, 1439847000, 17),
(8, 1439848800, 17),
(8, 1439850600, NULL),
(8, 1439852400, NULL),
(8, 1439854200, 17),
(8, 1439856000, 17),
(8, 1439857800, NULL),
(8, 1439859600, NULL),
(8, 1439861400, NULL),
(8, 1439863200, NULL),
(8, 1439865000, 17),
(8, 1439866800, 17),
(8, 1439868600, 17),
(8, 1439870400, 17),
(8, 1439872200, 17),
(8, 1439874000, 17),
(8, 1439875800, 17),
(8, 1439877600, 17),
(8, 1439879400, 17),
(8, 1439881200, 17),
(8, 1439883000, NULL),
(8, 1439884800, 17),
(8, 1439886600, 17),
(8, 1439888400, NULL),
(8, 1439890200, NULL),
(8, 1439892000, NULL),
(8, 1439893800, NULL),
(8, 1439895600, NULL),
(8, 1439897400, 17),
(8, 1439899200, 17),
(8, 1439901000, NULL),
(8, 1439902800, 17),
(8, 1439904600, 17),
(8, 1439906400, NULL),
(8, 1439908200, NULL),
(8, 1439910000, 17),
(8, 1439911800, 17),
(8, 1439913600, 17),
(8, 1439915400, NULL),
(8, 1439917200, 17),
(8, 1439919000, 17),
(8, 1439920800, NULL),
(8, 1442341800, NULL),
(8, 1442343600, NULL),
(8, 1442345400, NULL),
(8, 1442347200, NULL),
(8, 1442349000, NULL),
(8, 1442350800, NULL),
(8, 1442352600, NULL),
(8, 1442354400, NULL),
(8, 1442356200, NULL),
(8, 1442358000, NULL),
(8, 1442359800, NULL),
(8, 1442361600, NULL),
(8, 1442363400, NULL),
(8, 1442365200, NULL),
(8, 1442367000, NULL),
(8, 1442368800, NULL),
(8, 1442370600, NULL),
(8, 1442372400, NULL),
(8, 1442374200, NULL),
(8, 1442376000, NULL),
(8, 1442377800, NULL),
(8, 1442379600, NULL),
(8, 1442381400, NULL),
(8, 1442383200, NULL),
(8, 1442385000, NULL),
(8, 1442386800, NULL),
(8, 1442388600, NULL),
(8, 1442390400, NULL),
(8, 1442392200, NULL),
(8, 1442394000, NULL),
(8, 1442395800, NULL),
(8, 1442397600, NULL),
(8, 1442399400, NULL),
(8, 1442401200, NULL),
(8, 1442403000, NULL),
(8, 1442404800, NULL),
(8, 1442406600, NULL),
(8, 1442408400, NULL),
(8, 1442410200, NULL),
(8, 1442412000, NULL),
(8, 1442413800, NULL),
(8, 1442415600, NULL),
(8, 1442417400, NULL),
(8, 1442419200, NULL),
(8, 1442421000, NULL),
(8, 1442422800, NULL),
(8, 1442424600, NULL),
(8, 1442426400, NULL),
(8, 1441045800, NULL),
(8, 1441047600, NULL),
(8, 1441049400, NULL),
(8, 1441051200, NULL),
(8, 1441053000, NULL),
(8, 1441054800, NULL),
(8, 1441056600, NULL),
(8, 1441058400, NULL),
(8, 1441060200, NULL),
(8, 1441062000, NULL),
(8, 1441063800, NULL),
(8, 1441065600, NULL),
(8, 1441067400, NULL),
(8, 1441069200, NULL),
(8, 1441071000, NULL),
(8, 1441072800, NULL),
(8, 1441074600, NULL),
(8, 1441076400, NULL),
(8, 1441078200, NULL),
(8, 1441080000, NULL),
(8, 1441081800, NULL),
(8, 1441083600, NULL),
(8, 1441085400, NULL),
(8, 1441087200, NULL),
(8, 1441089000, NULL),
(8, 1441090800, NULL),
(8, 1441092600, NULL),
(8, 1441094400, NULL),
(8, 1441096200, NULL),
(8, 1441098000, NULL),
(8, 1441099800, NULL),
(8, 1441101600, NULL),
(8, 1441103400, NULL),
(8, 1441105200, NULL),
(8, 1441107000, NULL),
(8, 1441108800, NULL),
(8, 1441110600, NULL),
(8, 1441112400, NULL),
(8, 1441114200, NULL),
(8, 1441116000, NULL),
(8, 1441117800, NULL),
(8, 1441119600, NULL),
(8, 1441121400, NULL),
(8, 1441123200, NULL),
(8, 1441125000, NULL),
(8, 1441126800, NULL),
(8, 1441128600, NULL),
(8, 1441130400, NULL),
(8, 1441996200, NULL),
(8, 1441998000, NULL),
(8, 1441999800, NULL),
(8, 1442001600, NULL),
(8, 1442003400, NULL),
(8, 1442005200, NULL),
(8, 1442007000, NULL),
(8, 1442008800, NULL),
(8, 1442010600, NULL),
(8, 1442012400, NULL),
(8, 1442014200, NULL),
(8, 1442016000, NULL),
(8, 1442017800, NULL),
(8, 1442019600, NULL),
(8, 1442021400, NULL),
(8, 1442023200, NULL),
(8, 1442025000, NULL),
(8, 1442026800, NULL),
(8, 1442028600, NULL),
(8, 1442030400, NULL),
(8, 1442032200, NULL),
(8, 1442034000, NULL),
(8, 1442035800, NULL),
(8, 1442037600, NULL),
(8, 1442039400, NULL),
(8, 1442041200, NULL),
(8, 1442043000, NULL),
(8, 1442044800, NULL),
(8, 1442046600, NULL),
(8, 1442048400, NULL),
(8, 1442050200, NULL),
(8, 1442052000, NULL),
(8, 1442053800, NULL),
(8, 1442055600, NULL),
(8, 1442057400, NULL),
(8, 1442059200, NULL),
(8, 1442061000, NULL),
(8, 1442062800, NULL),
(8, 1442064600, NULL),
(8, 1442066400, NULL),
(8, 1442068200, NULL),
(8, 1442070000, NULL),
(8, 1442071800, NULL),
(8, 1442073600, NULL),
(8, 1442075400, NULL),
(8, 1442077200, NULL),
(8, 1442079000, NULL),
(8, 1442080800, NULL),
(8, 1443465000, NULL),
(8, 1443466800, NULL),
(8, 1443468600, NULL),
(8, 1443470400, NULL),
(8, 1443472200, NULL),
(8, 1443474000, NULL),
(8, 1443475800, NULL),
(8, 1443477600, NULL),
(8, 1443479400, NULL),
(8, 1443481200, NULL),
(8, 1443483000, NULL),
(8, 1443484800, NULL),
(8, 1443486600, NULL),
(8, 1443488400, NULL),
(8, 1443490200, NULL),
(8, 1443492000, NULL),
(8, 1443493800, NULL),
(8, 1443495600, NULL),
(8, 1443497400, NULL),
(8, 1443499200, NULL),
(8, 1443501000, NULL),
(8, 1443502800, NULL),
(8, 1443504600, NULL),
(8, 1443506400, NULL),
(8, 1443508200, NULL),
(8, 1443510000, NULL),
(8, 1443511800, NULL),
(8, 1443513600, NULL),
(8, 1443515400, NULL),
(8, 1443517200, NULL),
(8, 1443519000, NULL),
(8, 1443520800, NULL),
(8, 1443522600, NULL),
(8, 1443524400, NULL),
(8, 1443526200, NULL),
(8, 1443528000, NULL),
(8, 1443529800, NULL),
(8, 1443531600, NULL),
(8, 1443533400, NULL),
(8, 1443535200, NULL),
(8, 1443537000, NULL),
(8, 1443538800, NULL),
(8, 1443540600, NULL),
(8, 1443542400, NULL),
(8, 1443544200, NULL),
(8, 1443546000, NULL),
(8, 1443547800, NULL),
(8, 1443549600, NULL),
(19, 1441909800, 17),
(19, 1441911600, 17),
(19, 1441913400, NULL),
(19, 1441915200, NULL),
(19, 1441917000, NULL),
(19, 1441918800, NULL),
(19, 1441920600, NULL),
(19, 1441922400, NULL),
(19, 1441924200, NULL),
(19, 1441926000, NULL),
(19, 1441927800, NULL),
(19, 1441929600, NULL),
(19, 1441931400, NULL),
(19, 1441933200, NULL),
(19, 1441935000, NULL),
(19, 1441936800, NULL),
(19, 1441938600, NULL),
(19, 1441940400, NULL),
(19, 1441942200, NULL),
(19, 1441944000, NULL),
(19, 1441945800, NULL),
(19, 1441947600, NULL),
(19, 1441949400, NULL),
(19, 1441951200, NULL),
(19, 1441953000, NULL),
(19, 1441954800, NULL),
(19, 1441956600, NULL),
(19, 1441958400, NULL),
(19, 1441960200, NULL),
(19, 1441962000, NULL),
(19, 1441963800, NULL),
(19, 1441965600, NULL),
(19, 1441967400, NULL),
(19, 1441969200, NULL),
(19, 1441971000, NULL),
(19, 1441972800, NULL),
(19, 1441974600, NULL),
(19, 1441976400, NULL),
(19, 1441978200, 17),
(19, 1441980000, 17),
(19, 1441981800, 17),
(19, 1441983600, 17),
(19, 1441985400, 17),
(19, 1441987200, 17),
(19, 1441989000, 17),
(19, 1441990800, 17),
(19, 1441992600, 17),
(19, 1441994400, 17),
(19, 1441996200, NULL),
(19, 1441998000, NULL),
(19, 1441999800, NULL),
(19, 1442001600, NULL),
(19, 1442003400, NULL),
(19, 1442005200, NULL),
(19, 1442007000, NULL),
(19, 1442008800, NULL),
(19, 1442010600, NULL),
(19, 1442012400, NULL),
(19, 1442014200, NULL),
(19, 1442016000, NULL),
(19, 1442017800, NULL),
(19, 1442019600, NULL),
(19, 1442021400, NULL),
(19, 1442023200, NULL),
(19, 1442025000, NULL),
(19, 1442026800, NULL),
(19, 1442028600, NULL),
(19, 1442030400, NULL),
(19, 1442032200, NULL),
(19, 1442034000, NULL),
(19, 1442035800, NULL),
(19, 1442037600, NULL),
(19, 1442039400, NULL),
(19, 1442041200, NULL),
(19, 1442043000, NULL),
(19, 1442044800, NULL),
(19, 1442046600, NULL),
(19, 1442048400, NULL),
(19, 1442050200, NULL),
(19, 1442052000, NULL),
(19, 1442053800, NULL),
(19, 1442055600, NULL),
(19, 1442057400, NULL),
(19, 1442059200, NULL),
(19, 1442061000, NULL),
(19, 1442062800, NULL),
(19, 1442064600, NULL),
(19, 1442066400, NULL),
(19, 1442068200, NULL),
(19, 1442070000, 17),
(19, 1442071800, 17),
(19, 1442073600, NULL),
(19, 1442075400, NULL),
(19, 1442077200, NULL),
(19, 1442079000, NULL),
(19, 1442080800, NULL),
(19, 1442082600, NULL),
(19, 1442084400, NULL),
(19, 1442086200, NULL),
(19, 1442088000, NULL),
(19, 1442089800, NULL),
(19, 1442091600, NULL),
(19, 1442093400, NULL),
(19, 1442095200, NULL),
(19, 1442097000, NULL),
(19, 1442098800, NULL),
(19, 1442100600, NULL),
(19, 1442102400, NULL),
(19, 1442104200, NULL),
(19, 1442106000, NULL),
(19, 1442107800, NULL),
(19, 1442109600, NULL),
(19, 1442111400, NULL),
(19, 1442113200, NULL),
(19, 1442115000, NULL),
(19, 1442116800, NULL),
(19, 1442118600, NULL),
(19, 1442120400, NULL),
(19, 1442122200, NULL),
(19, 1442124000, NULL),
(19, 1442125800, NULL),
(19, 1442127600, NULL),
(19, 1442129400, NULL),
(19, 1442131200, NULL),
(19, 1442133000, NULL),
(19, 1442134800, NULL),
(19, 1442136600, NULL),
(19, 1442138400, NULL),
(19, 1442140200, NULL),
(19, 1442142000, NULL),
(19, 1442143800, NULL),
(19, 1442145600, NULL),
(19, 1442147400, NULL),
(19, 1442149200, NULL),
(19, 1442151000, NULL),
(19, 1442152800, NULL),
(19, 1442154600, NULL),
(19, 1442156400, NULL),
(19, 1442158200, NULL),
(19, 1442160000, NULL),
(19, 1442161800, NULL),
(19, 1442163600, NULL),
(19, 1442165400, NULL),
(19, 1442167200, NULL),
(19, 1442169000, NULL),
(19, 1442170800, NULL),
(19, 1442172600, NULL),
(19, 1442174400, NULL),
(19, 1442176200, NULL),
(19, 1442178000, NULL),
(19, 1442179800, NULL),
(19, 1442181600, NULL),
(19, 1442183400, NULL),
(19, 1442185200, NULL),
(19, 1442187000, NULL),
(19, 1442188800, NULL),
(19, 1442190600, NULL),
(19, 1442192400, NULL),
(19, 1442194200, NULL),
(19, 1442196000, NULL),
(19, 1442197800, NULL),
(19, 1442199600, NULL),
(19, 1442201400, NULL),
(19, 1442203200, NULL),
(19, 1442205000, NULL),
(19, 1442206800, NULL),
(19, 1442208600, NULL),
(19, 1442210400, NULL),
(19, 1442212200, NULL),
(19, 1442214000, NULL),
(19, 1442215800, NULL),
(19, 1442217600, NULL),
(19, 1442219400, NULL),
(19, 1442221200, NULL),
(19, 1442223000, NULL),
(19, 1442224800, NULL),
(19, 1442226600, NULL),
(19, 1442228400, NULL),
(19, 1442230200, NULL),
(19, 1442232000, NULL),
(19, 1442233800, NULL),
(19, 1442235600, NULL),
(19, 1442237400, NULL),
(19, 1442239200, NULL),
(19, 1442241000, NULL),
(19, 1442242800, NULL),
(19, 1442244600, NULL),
(19, 1442246400, NULL),
(19, 1442248200, NULL),
(19, 1442250000, NULL),
(19, 1442251800, NULL),
(19, 1442253600, NULL),
(19, 1442255400, NULL),
(19, 1442257200, NULL),
(19, 1442259000, NULL),
(19, 1442260800, NULL),
(19, 1442262600, NULL),
(19, 1442264400, NULL),
(19, 1442266200, NULL),
(19, 1442268000, NULL),
(19, 1442269800, NULL),
(19, 1442271600, NULL),
(19, 1442273400, NULL),
(19, 1442275200, NULL),
(19, 1442277000, NULL),
(19, 1442278800, NULL),
(19, 1442280600, NULL),
(19, 1442282400, NULL),
(19, 1442284200, NULL),
(19, 1442286000, NULL),
(19, 1442287800, NULL),
(19, 1442289600, NULL),
(19, 1442291400, NULL),
(19, 1442293200, NULL),
(19, 1442295000, NULL),
(19, 1442296800, NULL),
(19, 1442298600, NULL),
(19, 1442300400, NULL),
(19, 1442302200, NULL),
(19, 1442304000, NULL),
(19, 1442305800, NULL),
(19, 1442307600, NULL),
(19, 1442309400, NULL),
(19, 1442311200, NULL),
(19, 1442313000, NULL),
(19, 1442314800, NULL),
(19, 1442316600, NULL),
(19, 1442318400, NULL),
(19, 1442320200, NULL),
(19, 1442322000, NULL),
(19, 1442323800, NULL),
(19, 1442325600, NULL),
(19, 1442327400, NULL),
(19, 1442329200, NULL),
(19, 1442331000, NULL),
(19, 1442332800, NULL),
(19, 1442334600, NULL),
(19, 1442336400, NULL),
(19, 1442338200, NULL),
(19, 1442340000, NULL),
(19, 1442341800, NULL),
(19, 1442343600, NULL),
(19, 1442345400, NULL),
(19, 1442347200, 17),
(19, 1442349000, 17),
(19, 1442350800, NULL),
(19, 1442352600, NULL),
(19, 1442354400, NULL),
(19, 1442356200, NULL),
(19, 1442358000, NULL),
(19, 1442359800, NULL),
(19, 1442361600, NULL),
(19, 1442363400, NULL),
(19, 1442365200, NULL),
(19, 1442367000, NULL),
(19, 1442368800, NULL),
(19, 1442370600, NULL),
(19, 1442372400, NULL),
(19, 1442374200, NULL),
(19, 1442376000, NULL),
(19, 1442377800, NULL),
(19, 1442379600, NULL),
(19, 1442381400, NULL),
(19, 1442383200, NULL),
(19, 1442385000, NULL),
(19, 1442386800, NULL),
(19, 1442388600, NULL),
(19, 1442390400, NULL),
(19, 1442392200, NULL),
(19, 1442394000, NULL),
(19, 1442395800, NULL),
(19, 1442397600, NULL),
(19, 1442399400, NULL),
(19, 1442401200, NULL),
(19, 1442403000, NULL),
(19, 1442404800, NULL),
(19, 1442406600, NULL),
(19, 1442408400, NULL),
(19, 1442410200, NULL),
(19, 1442412000, NULL),
(19, 1442413800, NULL),
(19, 1442415600, NULL),
(19, 1442417400, NULL),
(19, 1442419200, NULL),
(19, 1442421000, NULL),
(19, 1442422800, NULL),
(19, 1442424600, NULL),
(19, 1442426400, NULL),
(19, 1442428200, NULL),
(19, 1442430000, NULL),
(19, 1442431800, NULL),
(19, 1442433600, NULL),
(19, 1442435400, NULL),
(19, 1442437200, NULL),
(19, 1442439000, NULL),
(19, 1442440800, NULL),
(19, 1442442600, 17),
(19, 1442444400, 17),
(19, 1442446200, NULL),
(19, 1442448000, NULL),
(19, 1442449800, NULL),
(19, 1442451600, NULL),
(19, 1442453400, NULL),
(19, 1442455200, NULL),
(19, 1442457000, NULL),
(19, 1442458800, NULL),
(19, 1442460600, NULL),
(19, 1442462400, NULL),
(19, 1442464200, NULL),
(19, 1442466000, NULL),
(19, 1442467800, NULL),
(19, 1442469600, NULL),
(19, 1442471400, NULL),
(19, 1442473200, NULL),
(19, 1442475000, NULL),
(19, 1442476800, NULL),
(19, 1442478600, NULL),
(19, 1442480400, NULL),
(19, 1442482200, NULL),
(19, 1442484000, NULL),
(19, 1442485800, NULL),
(19, 1442487600, NULL),
(19, 1442489400, NULL),
(19, 1442491200, NULL),
(19, 1442493000, NULL),
(19, 1442494800, NULL),
(19, 1442496600, NULL),
(19, 1442498400, NULL),
(19, 1442500200, NULL),
(19, 1442502000, NULL),
(19, 1442503800, NULL),
(19, 1442505600, NULL),
(19, 1442507400, NULL),
(19, 1442509200, NULL),
(19, 1442511000, NULL),
(19, 1442512800, NULL),
(19, 1442514600, NULL),
(19, 1442516400, NULL),
(19, 1442518200, NULL),
(19, 1442520000, NULL),
(19, 1442521800, NULL),
(19, 1442523600, NULL),
(19, 1442525400, NULL),
(19, 1442527200, NULL),
(19, 1442529000, NULL),
(19, 1442530800, NULL),
(19, 1442532600, NULL),
(19, 1442534400, NULL),
(19, 1442536200, NULL),
(19, 1442538000, NULL),
(19, 1442539800, NULL),
(19, 1442541600, NULL),
(19, 1442543400, NULL),
(19, 1442545200, NULL),
(19, 1442547000, NULL),
(19, 1442548800, NULL),
(19, 1442550600, NULL),
(19, 1442552400, NULL),
(19, 1442554200, NULL),
(19, 1442556000, NULL),
(19, 1442557800, NULL),
(19, 1442559600, NULL),
(19, 1442561400, NULL),
(19, 1442563200, NULL),
(19, 1442565000, NULL),
(19, 1442566800, NULL),
(19, 1442568600, NULL),
(19, 1442570400, NULL),
(19, 1442572200, NULL),
(19, 1442574000, NULL),
(19, 1442575800, NULL),
(19, 1442577600, NULL),
(19, 1442579400, NULL),
(19, 1442581200, NULL),
(19, 1442583000, NULL),
(19, 1442584800, NULL),
(19, 1442586600, NULL),
(19, 1442588400, NULL),
(19, 1442590200, NULL),
(19, 1442592000, NULL),
(19, 1442593800, NULL),
(19, 1442595600, NULL),
(19, 1442597400, NULL),
(19, 1442599200, NULL),
(19, 1442601000, NULL),
(19, 1442602800, NULL),
(19, 1442604600, NULL),
(19, 1442606400, NULL),
(19, 1442608200, NULL),
(19, 1442610000, NULL),
(19, 1442611800, NULL),
(19, 1442613600, NULL),
(19, 1442615400, NULL),
(19, 1442617200, NULL),
(19, 1442619000, NULL),
(19, 1442620800, NULL),
(19, 1442622600, NULL),
(19, 1442624400, NULL),
(19, 1442626200, NULL),
(19, 1442628000, NULL),
(19, 1442629800, NULL),
(19, 1442631600, NULL),
(19, 1442633400, NULL),
(19, 1442635200, NULL),
(19, 1442637000, NULL),
(19, 1442638800, NULL),
(19, 1442640600, NULL),
(19, 1442642400, NULL),
(19, 1442644200, NULL),
(19, 1442646000, NULL),
(19, 1442647800, NULL),
(19, 1442649600, NULL),
(19, 1442651400, NULL),
(19, 1442653200, NULL),
(19, 1442655000, NULL),
(19, 1442656800, NULL),
(19, 1442658600, NULL),
(19, 1442660400, NULL),
(19, 1442662200, NULL),
(19, 1442664000, NULL),
(19, 1442665800, NULL),
(19, 1442667600, NULL),
(19, 1442669400, NULL),
(19, 1442671200, NULL),
(19, 1442673000, NULL),
(19, 1442674800, NULL),
(19, 1442676600, NULL),
(19, 1442678400, NULL),
(19, 1442680200, NULL),
(19, 1442682000, NULL),
(19, 1442683800, NULL),
(19, 1442685600, NULL),
(19, 1442687400, NULL),
(19, 1442689200, NULL),
(19, 1442691000, NULL),
(19, 1442692800, NULL),
(19, 1442694600, NULL),
(19, 1442696400, NULL),
(19, 1442698200, NULL),
(19, 1442700000, NULL),
(19, 1442701800, NULL),
(19, 1442703600, NULL),
(19, 1442705400, NULL),
(19, 1442707200, NULL),
(19, 1442709000, NULL),
(19, 1442710800, NULL),
(19, 1442712600, NULL),
(19, 1442714400, NULL),
(19, 1442716200, NULL),
(19, 1442718000, NULL),
(19, 1442719800, NULL),
(19, 1442721600, NULL),
(19, 1442723400, NULL),
(19, 1442725200, NULL),
(19, 1442727000, NULL),
(19, 1442728800, NULL),
(19, 1442730600, NULL),
(19, 1442732400, NULL),
(19, 1442734200, NULL),
(19, 1442736000, NULL),
(19, 1442737800, NULL),
(19, 1442739600, NULL),
(19, 1442741400, NULL),
(19, 1442743200, NULL),
(19, 1442745000, NULL),
(19, 1442746800, NULL),
(19, 1442748600, NULL),
(19, 1442750400, NULL),
(19, 1442752200, NULL),
(19, 1442754000, NULL),
(19, 1442755800, NULL),
(19, 1442757600, NULL),
(19, 1442759400, NULL),
(19, 1442761200, NULL),
(19, 1442763000, NULL),
(19, 1442764800, NULL),
(19, 1442766600, NULL),
(19, 1442768400, NULL),
(19, 1442770200, NULL),
(19, 1442772000, NULL),
(19, 1442773800, NULL),
(19, 1442775600, NULL),
(19, 1442777400, NULL),
(19, 1442779200, NULL),
(19, 1442781000, NULL),
(19, 1442782800, NULL),
(19, 1442784600, NULL),
(19, 1442786400, NULL),
(19, 1442788200, NULL),
(19, 1442790000, NULL),
(19, 1442791800, NULL),
(19, 1442793600, NULL),
(19, 1442795400, NULL),
(19, 1442797200, NULL),
(19, 1442799000, NULL),
(19, 1442800800, NULL),
(19, 1442802600, NULL),
(19, 1442804400, NULL),
(19, 1442806200, NULL),
(19, 1442808000, NULL),
(19, 1442809800, NULL),
(19, 1442811600, NULL),
(19, 1442813400, NULL),
(19, 1442815200, NULL),
(19, 1442817000, NULL),
(19, 1442818800, NULL),
(19, 1442820600, NULL),
(19, 1442822400, NULL),
(19, 1442824200, NULL),
(19, 1442826000, NULL),
(19, 1442827800, NULL),
(19, 1442829600, NULL),
(19, 1442831400, NULL),
(19, 1442833200, NULL),
(19, 1442835000, NULL),
(19, 1442836800, NULL),
(19, 1442838600, NULL),
(19, 1442840400, NULL),
(19, 1442842200, NULL),
(19, 1442844000, NULL),
(19, 1442845800, NULL),
(19, 1442847600, NULL),
(19, 1442849400, NULL),
(19, 1442851200, NULL),
(19, 1442853000, NULL),
(19, 1442854800, NULL),
(19, 1442856600, NULL),
(19, 1442858400, NULL),
(19, 1442860200, NULL),
(19, 1442862000, NULL),
(19, 1442863800, NULL),
(19, 1442865600, NULL),
(19, 1442867400, NULL),
(19, 1442869200, NULL),
(19, 1442871000, NULL),
(19, 1442872800, NULL),
(19, 1442874600, NULL),
(19, 1442876400, NULL),
(19, 1442878200, NULL),
(19, 1442880000, NULL),
(19, 1442881800, NULL),
(19, 1442883600, NULL),
(19, 1442885400, NULL),
(19, 1442887200, NULL),
(19, 1442889000, NULL),
(19, 1442890800, NULL),
(19, 1442892600, NULL),
(19, 1442894400, NULL),
(19, 1442896200, NULL),
(19, 1442898000, NULL),
(19, 1442899800, NULL),
(19, 1442901600, NULL),
(19, 1442903400, NULL),
(19, 1442905200, NULL),
(19, 1442907000, NULL),
(19, 1442908800, NULL),
(19, 1442910600, NULL),
(19, 1442912400, NULL),
(19, 1442914200, NULL),
(19, 1442916000, NULL),
(19, 1442917800, NULL),
(19, 1442919600, NULL),
(19, 1442921400, NULL),
(19, 1442923200, NULL),
(19, 1442925000, NULL),
(19, 1442926800, NULL),
(19, 1442928600, NULL),
(19, 1442930400, NULL),
(19, 1442932200, NULL),
(19, 1442934000, NULL),
(19, 1442935800, NULL),
(19, 1442937600, NULL),
(19, 1442939400, NULL),
(19, 1442941200, NULL),
(19, 1442943000, NULL),
(19, 1442944800, NULL),
(19, 1442946600, NULL),
(19, 1442948400, NULL),
(19, 1442950200, NULL),
(19, 1442952000, NULL),
(19, 1442953800, NULL),
(19, 1442955600, NULL),
(19, 1442957400, NULL),
(19, 1442959200, NULL),
(19, 1442961000, NULL),
(19, 1442962800, NULL),
(19, 1442964600, NULL),
(19, 1442966400, NULL),
(19, 1442968200, NULL),
(19, 1442970000, NULL),
(19, 1442971800, NULL),
(19, 1442973600, NULL),
(19, 1442975400, NULL),
(19, 1442977200, NULL),
(19, 1442979000, NULL),
(19, 1442980800, NULL),
(19, 1442982600, NULL),
(19, 1442984400, NULL),
(19, 1442986200, NULL),
(19, 1442988000, NULL),
(19, 1442989800, NULL),
(19, 1442991600, NULL),
(19, 1442993400, NULL),
(19, 1442995200, NULL),
(19, 1442997000, NULL),
(19, 1442998800, NULL),
(19, 1443000600, NULL),
(19, 1443002400, NULL),
(19, 1443004200, NULL),
(19, 1443006000, NULL),
(19, 1443007800, NULL),
(19, 1443009600, NULL),
(19, 1443011400, NULL),
(19, 1443013200, NULL),
(19, 1443015000, NULL),
(19, 1443016800, NULL),
(19, 1443018600, NULL),
(19, 1443020400, NULL),
(19, 1443022200, NULL),
(19, 1443024000, NULL),
(19, 1443025800, NULL),
(19, 1443027600, NULL),
(19, 1443029400, NULL),
(19, 1443031200, NULL),
(19, 1443033000, NULL),
(19, 1443034800, NULL),
(19, 1443036600, NULL),
(19, 1443038400, NULL),
(19, 1443040200, NULL),
(19, 1443042000, NULL),
(19, 1443043800, NULL),
(19, 1443045600, NULL),
(19, 1443047400, NULL),
(19, 1443049200, NULL),
(19, 1443051000, NULL),
(19, 1443052800, NULL),
(19, 1443054600, NULL),
(19, 1443056400, NULL),
(19, 1443058200, NULL),
(19, 1443060000, NULL),
(19, 1443061800, NULL),
(19, 1443063600, NULL),
(19, 1443065400, NULL),
(19, 1443067200, NULL),
(19, 1443069000, NULL),
(19, 1443070800, NULL),
(19, 1443072600, NULL),
(19, 1443074400, NULL),
(19, 1443076200, NULL),
(19, 1443078000, NULL),
(19, 1443079800, NULL),
(19, 1443081600, NULL),
(19, 1443083400, NULL),
(19, 1443085200, NULL),
(19, 1443087000, NULL),
(19, 1443088800, NULL),
(19, 1443090600, NULL),
(19, 1443092400, NULL),
(19, 1443094200, NULL),
(19, 1443096000, NULL),
(19, 1443097800, NULL),
(19, 1443099600, NULL),
(19, 1443101400, NULL),
(19, 1443103200, NULL),
(19, 1443105000, NULL),
(19, 1443106800, NULL),
(19, 1443108600, NULL),
(19, 1443110400, NULL),
(19, 1443112200, NULL),
(19, 1443114000, NULL),
(19, 1443115800, NULL),
(19, 1443117600, NULL),
(19, 1443119400, NULL),
(19, 1443121200, NULL),
(19, 1443123000, NULL),
(19, 1443124800, NULL),
(19, 1443126600, NULL),
(19, 1443128400, NULL),
(19, 1443130200, NULL),
(19, 1443132000, NULL),
(19, 1443133800, NULL),
(19, 1443135600, NULL),
(19, 1443137400, NULL),
(19, 1443139200, NULL),
(19, 1443141000, NULL),
(19, 1443142800, NULL),
(19, 1443144600, NULL),
(19, 1443146400, NULL),
(19, 1443148200, NULL),
(19, 1443150000, NULL),
(19, 1443151800, NULL),
(19, 1443153600, NULL),
(19, 1443155400, NULL),
(19, 1443157200, NULL),
(19, 1443159000, NULL),
(19, 1443160800, NULL),
(19, 1443162600, NULL),
(19, 1443164400, NULL),
(19, 1443166200, NULL),
(19, 1443168000, NULL),
(19, 1443169800, NULL),
(19, 1443171600, NULL),
(19, 1443173400, NULL),
(19, 1443175200, NULL),
(19, 1443177000, NULL),
(19, 1443178800, NULL),
(19, 1443180600, NULL),
(19, 1443182400, NULL),
(19, 1443184200, NULL),
(19, 1443186000, NULL),
(19, 1443187800, NULL),
(19, 1443189600, NULL),
(19, 1443191400, NULL),
(19, 1443193200, NULL),
(19, 1443195000, NULL),
(19, 1443196800, NULL),
(19, 1443198600, NULL),
(19, 1443200400, NULL),
(19, 1443202200, NULL),
(19, 1443204000, NULL),
(19, 1443205800, NULL),
(19, 1443207600, NULL),
(19, 1443209400, NULL),
(19, 1443211200, NULL),
(19, 1443213000, NULL),
(19, 1443214800, NULL),
(19, 1443216600, NULL),
(19, 1443218400, NULL),
(19, 1443220200, NULL),
(19, 1443222000, NULL),
(19, 1443223800, NULL),
(19, 1443225600, NULL),
(19, 1443227400, NULL),
(19, 1443229200, NULL),
(19, 1443231000, NULL),
(19, 1443232800, NULL),
(19, 1443234600, NULL),
(19, 1443236400, NULL),
(19, 1443238200, NULL),
(19, 1443240000, NULL),
(19, 1443241800, NULL),
(19, 1443243600, NULL),
(19, 1443245400, NULL),
(19, 1443247200, NULL),
(19, 1443249000, NULL),
(19, 1443250800, NULL),
(19, 1443252600, NULL),
(19, 1443254400, NULL),
(19, 1443256200, NULL),
(19, 1443258000, NULL),
(19, 1443259800, NULL),
(19, 1443261600, NULL),
(19, 1443263400, NULL),
(19, 1443265200, NULL),
(19, 1443267000, NULL),
(19, 1443268800, NULL),
(19, 1443270600, NULL),
(19, 1443272400, NULL),
(19, 1443274200, NULL),
(19, 1443276000, NULL),
(19, 1443277800, NULL),
(19, 1443279600, NULL),
(19, 1443281400, NULL),
(19, 1443283200, NULL),
(19, 1443285000, NULL),
(19, 1443286800, NULL),
(19, 1443288600, NULL),
(19, 1443290400, NULL),
(19, 1443292200, NULL),
(19, 1443294000, NULL),
(19, 1443295800, NULL),
(19, 1443297600, NULL),
(19, 1443299400, NULL),
(19, 1443301200, NULL),
(19, 1443303000, NULL),
(19, 1443304800, NULL),
(19, 1443306600, NULL),
(19, 1443308400, NULL),
(19, 1443310200, NULL),
(19, 1443312000, NULL),
(19, 1443313800, NULL),
(19, 1443315600, NULL),
(19, 1443317400, NULL),
(19, 1443319200, NULL),
(19, 1443321000, NULL),
(19, 1443322800, NULL),
(19, 1443324600, NULL),
(19, 1443326400, NULL),
(19, 1443328200, NULL),
(19, 1443330000, NULL),
(19, 1443331800, NULL),
(19, 1443333600, NULL),
(19, 1443335400, NULL),
(19, 1443337200, NULL),
(19, 1443339000, NULL),
(19, 1443340800, NULL),
(19, 1443342600, NULL),
(19, 1443344400, NULL),
(19, 1443346200, NULL),
(19, 1443348000, NULL),
(19, 1443349800, NULL),
(19, 1443351600, NULL),
(19, 1443353400, NULL),
(19, 1443355200, NULL),
(19, 1443357000, NULL),
(19, 1443358800, NULL),
(19, 1443360600, NULL),
(19, 1443362400, NULL),
(19, 1443364200, NULL),
(19, 1443366000, NULL),
(19, 1443367800, NULL),
(19, 1443369600, NULL),
(19, 1443371400, NULL),
(19, 1443373200, NULL),
(19, 1443375000, NULL),
(19, 1443376800, NULL),
(19, 1443378600, NULL),
(19, 1443380400, NULL),
(19, 1443382200, NULL),
(19, 1443384000, NULL),
(19, 1443385800, NULL),
(19, 1443387600, NULL),
(19, 1443389400, NULL),
(19, 1443391200, NULL),
(19, 1443393000, NULL),
(19, 1443394800, NULL),
(19, 1443396600, NULL),
(19, 1443398400, NULL),
(19, 1443400200, NULL),
(19, 1443402000, NULL),
(19, 1443403800, NULL),
(19, 1443405600, NULL),
(19, 1443407400, NULL),
(19, 1443409200, NULL),
(19, 1443411000, NULL),
(19, 1443412800, NULL),
(19, 1443414600, NULL),
(19, 1443416400, NULL),
(19, 1443418200, NULL),
(19, 1443420000, NULL),
(19, 1443421800, NULL),
(19, 1443423600, NULL),
(19, 1443425400, NULL),
(19, 1443427200, NULL),
(19, 1443429000, NULL),
(19, 1443430800, NULL),
(19, 1443432600, NULL),
(19, 1443434400, NULL),
(19, 1443436200, NULL),
(19, 1443438000, NULL),
(19, 1443439800, NULL),
(19, 1443441600, NULL),
(19, 1443443400, NULL),
(19, 1443445200, NULL),
(19, 1443447000, NULL),
(19, 1443448800, NULL),
(19, 1443450600, NULL),
(19, 1443452400, NULL),
(19, 1443454200, NULL),
(19, 1443456000, NULL),
(19, 1443457800, NULL),
(19, 1443459600, NULL),
(19, 1443461400, NULL),
(19, 1443463200, NULL),
(19, 1443465000, NULL),
(19, 1443466800, NULL),
(19, 1443468600, NULL),
(19, 1443470400, NULL),
(19, 1443472200, NULL),
(19, 1443474000, NULL),
(19, 1443475800, NULL),
(19, 1443477600, NULL),
(19, 1443479400, NULL),
(19, 1443481200, NULL),
(19, 1443483000, NULL),
(19, 1443484800, NULL),
(19, 1443486600, NULL),
(19, 1443488400, NULL),
(19, 1443490200, NULL),
(19, 1443492000, NULL),
(19, 1443493800, NULL),
(19, 1443495600, NULL),
(19, 1443497400, NULL),
(19, 1443499200, NULL),
(19, 1443501000, NULL),
(19, 1443502800, NULL),
(19, 1443504600, NULL),
(19, 1443506400, NULL),
(19, 1443508200, NULL),
(19, 1443510000, NULL),
(19, 1443511800, NULL),
(19, 1443513600, NULL),
(19, 1443515400, NULL),
(19, 1443517200, NULL),
(19, 1443519000, NULL),
(19, 1443520800, NULL),
(19, 1443522600, NULL),
(19, 1443524400, NULL),
(19, 1443526200, NULL),
(19, 1443528000, NULL),
(19, 1443529800, NULL),
(19, 1443531600, NULL),
(19, 1443533400, NULL),
(19, 1443535200, NULL),
(19, 1443537000, NULL),
(19, 1443538800, NULL),
(19, 1443540600, NULL),
(19, 1443542400, NULL),
(19, 1443544200, NULL),
(19, 1443546000, NULL),
(19, 1443547800, NULL),
(19, 1443549600, NULL),
(19, 1443551400, NULL),
(19, 1443553200, NULL),
(19, 1443555000, NULL),
(19, 1443556800, NULL),
(19, 1443558600, NULL),
(19, 1443560400, NULL),
(19, 1443562200, NULL),
(19, 1443564000, NULL),
(19, 1443565800, NULL),
(19, 1443567600, NULL),
(19, 1443569400, NULL),
(19, 1443571200, NULL),
(19, 1443573000, NULL),
(19, 1443574800, NULL),
(19, 1443576600, NULL),
(19, 1443578400, NULL),
(19, 1443580200, NULL),
(19, 1443582000, NULL),
(19, 1443583800, NULL),
(19, 1443585600, NULL),
(19, 1443587400, NULL),
(19, 1443589200, NULL),
(19, 1443591000, NULL),
(19, 1443592800, NULL),
(19, 1443594600, NULL),
(19, 1443596400, NULL),
(19, 1443598200, NULL),
(19, 1443600000, NULL),
(19, 1443601800, NULL),
(19, 1443603600, NULL),
(19, 1443605400, NULL),
(19, 1443607200, NULL),
(19, 1443609000, NULL),
(19, 1443610800, NULL),
(19, 1443612600, NULL),
(19, 1443614400, NULL),
(19, 1443616200, NULL),
(19, 1443618000, NULL),
(19, 1443619800, NULL),
(19, 1443621600, NULL),
(19, 1443623400, NULL),
(19, 1443625200, NULL),
(19, 1443627000, NULL),
(19, 1443628800, NULL),
(19, 1443630600, NULL),
(19, 1443632400, NULL),
(19, 1443634200, NULL),
(19, 1443636000, NULL),
(19, 1443637800, NULL),
(19, 1443639600, NULL),
(19, 1443641400, NULL),
(19, 1443643200, NULL),
(19, 1443645000, NULL),
(19, 1443646800, NULL),
(19, 1443648600, NULL),
(19, 1443650400, NULL),
(19, 1443652200, NULL),
(19, 1443654000, NULL),
(19, 1443655800, NULL),
(19, 1443657600, NULL),
(19, 1443659400, NULL),
(19, 1443661200, NULL),
(19, 1443663000, NULL),
(19, 1443664800, NULL),
(19, 1443666600, NULL),
(19, 1443668400, NULL),
(19, 1443670200, NULL),
(19, 1443672000, NULL),
(19, 1443673800, NULL),
(19, 1443675600, NULL),
(19, 1443677400, NULL),
(19, 1443679200, NULL),
(19, 1443681000, NULL),
(19, 1443682800, NULL),
(19, 1443684600, NULL),
(19, 1443686400, NULL),
(19, 1443688200, NULL),
(19, 1443690000, NULL),
(19, 1443691800, NULL),
(19, 1443693600, NULL),
(19, 1443695400, NULL),
(19, 1443697200, NULL),
(19, 1443699000, NULL),
(19, 1443700800, NULL),
(19, 1443702600, NULL),
(19, 1443704400, NULL),
(19, 1443706200, NULL),
(19, 1443708000, NULL),
(19, 1443709800, NULL),
(19, 1443711600, NULL),
(19, 1443713400, NULL),
(19, 1443715200, NULL),
(19, 1443717000, NULL),
(19, 1443718800, NULL),
(19, 1443720600, NULL),
(19, 1443722400, NULL),
(19, 1443724200, NULL),
(19, 1443726000, NULL),
(19, 1443727800, NULL),
(19, 1443729600, NULL),
(19, 1443731400, NULL),
(19, 1443733200, NULL),
(19, 1443735000, NULL),
(19, 1443736800, NULL),
(19, 1443738600, NULL),
(19, 1443740400, NULL),
(19, 1443742200, NULL),
(19, 1443744000, NULL),
(19, 1443745800, NULL),
(19, 1443747600, NULL),
(19, 1443749400, NULL),
(19, 1443751200, NULL),
(19, 1443753000, NULL),
(19, 1443754800, NULL),
(19, 1443756600, NULL),
(19, 1443758400, NULL),
(19, 1443760200, NULL),
(19, 1443762000, NULL),
(19, 1443763800, NULL),
(19, 1443765600, NULL),
(19, 1443767400, NULL),
(19, 1443769200, NULL),
(19, 1443771000, NULL),
(19, 1443772800, NULL),
(19, 1443774600, NULL),
(19, 1443776400, NULL),
(19, 1443778200, NULL),
(19, 1443780000, NULL),
(19, 1443781800, NULL),
(19, 1443783600, NULL),
(19, 1443785400, NULL),
(19, 1443787200, NULL),
(19, 1443789000, NULL),
(19, 1443790800, NULL),
(19, 1443792600, NULL),
(19, 1443794400, NULL),
(19, 1443796200, NULL),
(19, 1443798000, NULL),
(19, 1443799800, NULL),
(19, 1443801600, NULL),
(19, 1443803400, NULL),
(19, 1443805200, NULL),
(19, 1443807000, NULL),
(19, 1443808800, NULL),
(19, 1443810600, NULL),
(19, 1443812400, NULL),
(19, 1443814200, NULL),
(19, 1443816000, NULL),
(19, 1443817800, NULL),
(19, 1443819600, NULL),
(19, 1443821400, NULL),
(19, 1443823200, NULL),
(19, 1443825000, NULL),
(19, 1443826800, NULL),
(19, 1443828600, NULL),
(19, 1443830400, NULL),
(19, 1443832200, NULL),
(19, 1443834000, NULL),
(19, 1443835800, NULL),
(19, 1443837600, NULL),
(19, 1443839400, NULL),
(19, 1443841200, NULL),
(19, 1443843000, NULL),
(19, 1443844800, NULL),
(19, 1443846600, NULL),
(19, 1443848400, NULL),
(19, 1443850200, NULL),
(19, 1443852000, NULL),
(19, 1443853800, NULL),
(19, 1443855600, NULL),
(19, 1443857400, NULL),
(19, 1443859200, NULL),
(19, 1443861000, NULL),
(19, 1443862800, NULL),
(19, 1443864600, NULL),
(19, 1443866400, NULL),
(19, 1443868200, NULL),
(19, 1443870000, NULL),
(19, 1443871800, NULL),
(19, 1443873600, NULL),
(19, 1443875400, NULL),
(19, 1443877200, NULL),
(19, 1443879000, NULL),
(19, 1443880800, NULL),
(19, 1443882600, NULL),
(19, 1443884400, NULL),
(19, 1443886200, NULL),
(19, 1443888000, NULL),
(19, 1443889800, NULL),
(19, 1443891600, NULL),
(19, 1443893400, NULL),
(19, 1443895200, NULL),
(19, 1443897000, NULL),
(19, 1443898800, NULL),
(19, 1443900600, NULL),
(19, 1443902400, NULL),
(19, 1443904200, NULL),
(19, 1443906000, NULL),
(19, 1443907800, NULL),
(19, 1443909600, NULL),
(19, 1443911400, NULL),
(19, 1443913200, NULL),
(19, 1443915000, NULL),
(19, 1443916800, NULL),
(19, 1443918600, NULL),
(19, 1443920400, NULL),
(19, 1443922200, NULL),
(19, 1443924000, NULL),
(19, 1443925800, NULL),
(19, 1443927600, NULL),
(19, 1443929400, NULL),
(19, 1443931200, NULL),
(19, 1443933000, NULL),
(19, 1443934800, NULL),
(19, 1443936600, NULL),
(19, 1443938400, NULL),
(19, 1443940200, NULL),
(19, 1443942000, NULL),
(19, 1443943800, NULL),
(19, 1443945600, NULL),
(19, 1443947400, NULL),
(19, 1443949200, NULL),
(19, 1443951000, NULL),
(19, 1443952800, NULL),
(19, 1443954600, NULL),
(19, 1443956400, NULL),
(19, 1443958200, NULL),
(19, 1443960000, NULL),
(19, 1443961800, NULL),
(19, 1443963600, NULL),
(19, 1443965400, NULL),
(19, 1443967200, NULL),
(19, 1443969000, NULL),
(19, 1443970800, NULL),
(19, 1443972600, NULL),
(19, 1443974400, NULL),
(19, 1443976200, NULL),
(19, 1443978000, NULL),
(19, 1443979800, NULL),
(19, 1443981600, NULL),
(19, 1443983400, NULL),
(19, 1443985200, NULL),
(19, 1443987000, NULL),
(19, 1443988800, NULL),
(19, 1443990600, NULL),
(19, 1443992400, NULL),
(19, 1443994200, NULL),
(19, 1443996000, NULL),
(19, 1443997800, NULL),
(19, 1443999600, NULL),
(19, 1444001400, NULL),
(19, 1444003200, NULL),
(19, 1444005000, NULL),
(19, 1444006800, NULL),
(19, 1444008600, NULL),
(19, 1444010400, NULL),
(19, 1444012200, NULL),
(19, 1444014000, NULL),
(19, 1444015800, NULL),
(19, 1444017600, NULL),
(19, 1444019400, NULL),
(19, 1444021200, NULL),
(19, 1444023000, NULL),
(19, 1444024800, NULL),
(19, 1444026600, NULL),
(19, 1444028400, NULL),
(19, 1444030200, NULL),
(19, 1444032000, NULL),
(19, 1444033800, NULL),
(19, 1444035600, NULL),
(19, 1444037400, NULL),
(19, 1444039200, NULL),
(19, 1444041000, NULL),
(19, 1444042800, NULL),
(19, 1444044600, NULL),
(19, 1444046400, NULL),
(19, 1444048200, NULL),
(19, 1444050000, NULL),
(19, 1444051800, NULL),
(19, 1444053600, NULL),
(19, 1444055400, NULL),
(19, 1444057200, NULL),
(19, 1444059000, NULL),
(19, 1444060800, NULL),
(19, 1444062600, NULL),
(19, 1444064400, NULL),
(19, 1444066200, NULL),
(19, 1444068000, NULL),
(19, 1444069800, NULL),
(19, 1444071600, NULL),
(19, 1444073400, NULL),
(19, 1444075200, NULL),
(19, 1444077000, NULL),
(19, 1444078800, NULL),
(19, 1444080600, NULL),
(19, 1444082400, NULL),
(19, 1444084200, NULL),
(19, 1444086000, NULL),
(19, 1444087800, NULL),
(19, 1444089600, NULL),
(19, 1444091400, NULL),
(19, 1444093200, NULL),
(19, 1444095000, NULL),
(19, 1444096800, NULL),
(19, 1444098600, NULL),
(19, 1444100400, NULL),
(19, 1444102200, NULL),
(19, 1444104000, NULL),
(19, 1444105800, NULL),
(19, 1444107600, NULL),
(19, 1444109400, NULL),
(19, 1444111200, NULL),
(19, 1444113000, NULL),
(19, 1444114800, NULL),
(19, 1444116600, NULL),
(19, 1444118400, NULL),
(19, 1444120200, NULL),
(19, 1444122000, NULL),
(19, 1444123800, NULL),
(19, 1444125600, NULL),
(19, 1444127400, NULL),
(19, 1444129200, NULL),
(19, 1444131000, NULL),
(19, 1444132800, NULL),
(19, 1444134600, NULL),
(19, 1444136400, NULL),
(19, 1444138200, NULL),
(19, 1444140000, NULL),
(19, 1444141800, NULL),
(19, 1444143600, NULL),
(19, 1444145400, NULL),
(19, 1444147200, NULL),
(19, 1444149000, NULL),
(19, 1444150800, NULL),
(19, 1444152600, NULL),
(19, 1444154400, NULL),
(19, 1444156200, NULL),
(19, 1444158000, NULL),
(19, 1444159800, NULL),
(19, 1444161600, NULL),
(19, 1444163400, NULL),
(19, 1444165200, NULL),
(19, 1444167000, NULL),
(19, 1444168800, NULL),
(19, 1444170600, NULL),
(19, 1444172400, NULL),
(19, 1444174200, NULL),
(19, 1444176000, NULL),
(19, 1444177800, NULL),
(19, 1444179600, NULL),
(19, 1444181400, NULL),
(19, 1444183200, NULL),
(19, 1444185000, NULL),
(19, 1444186800, NULL),
(19, 1444188600, NULL),
(19, 1444190400, NULL),
(19, 1444192200, NULL),
(19, 1444194000, NULL),
(19, 1444195800, NULL),
(19, 1444197600, NULL),
(19, 1444199400, NULL),
(19, 1444201200, NULL),
(19, 1444203000, NULL),
(19, 1444204800, NULL),
(19, 1444206600, NULL),
(19, 1444208400, NULL),
(19, 1444210200, NULL),
(19, 1444212000, NULL),
(19, 1444213800, NULL),
(19, 1444215600, NULL),
(19, 1444217400, NULL),
(19, 1444219200, NULL),
(19, 1444221000, NULL),
(19, 1444222800, NULL),
(19, 1444224600, NULL),
(19, 1444226400, NULL),
(19, 1444228200, NULL),
(19, 1444230000, NULL),
(19, 1444231800, NULL),
(19, 1444233600, NULL),
(19, 1444235400, NULL),
(19, 1444237200, NULL),
(19, 1444239000, NULL),
(19, 1444240800, NULL),
(19, 1444242600, NULL),
(19, 1444244400, NULL),
(19, 1444246200, NULL),
(19, 1444248000, NULL),
(19, 1444249800, NULL),
(19, 1444251600, NULL),
(19, 1444253400, NULL),
(19, 1444255200, NULL),
(19, 1444257000, NULL),
(19, 1444258800, NULL),
(19, 1444260600, NULL),
(19, 1444262400, NULL),
(19, 1444264200, NULL),
(19, 1444266000, NULL),
(19, 1444267800, NULL),
(19, 1444269600, NULL),
(19, 1444271400, NULL),
(19, 1444273200, NULL),
(19, 1444275000, NULL),
(19, 1444276800, NULL),
(19, 1444278600, NULL),
(19, 1444280400, NULL),
(19, 1444282200, NULL),
(19, 1444284000, NULL),
(19, 1444285800, NULL),
(19, 1444287600, NULL),
(19, 1444289400, NULL),
(19, 1444291200, NULL),
(19, 1444293000, NULL),
(19, 1444294800, NULL),
(19, 1444296600, NULL),
(19, 1444298400, NULL),
(19, 1444300200, NULL),
(19, 1444302000, NULL),
(19, 1444303800, NULL),
(19, 1444305600, NULL),
(19, 1444307400, NULL),
(19, 1444309200, NULL),
(19, 1444311000, NULL),
(19, 1444312800, NULL),
(19, 1444314600, NULL),
(19, 1444316400, NULL),
(19, 1444318200, NULL),
(19, 1444320000, NULL),
(19, 1444321800, NULL),
(19, 1444323600, NULL),
(19, 1444325400, NULL),
(19, 1444327200, NULL),
(19, 1444329000, NULL),
(19, 1444330800, NULL),
(19, 1444332600, NULL),
(19, 1444334400, NULL),
(19, 1444336200, NULL),
(19, 1444338000, NULL),
(19, 1444339800, NULL),
(19, 1444341600, NULL),
(19, 1444343400, NULL),
(19, 1444345200, NULL),
(19, 1444347000, NULL),
(19, 1444348800, NULL),
(19, 1444350600, NULL),
(19, 1444352400, NULL),
(19, 1444354200, NULL),
(19, 1444356000, NULL),
(19, 1444357800, NULL),
(19, 1444359600, NULL),
(19, 1444361400, NULL),
(19, 1444363200, NULL),
(19, 1444365000, NULL),
(19, 1444366800, NULL),
(19, 1444368600, NULL),
(19, 1444370400, NULL),
(19, 1444372200, NULL),
(19, 1444374000, NULL),
(19, 1444375800, NULL),
(19, 1444377600, NULL),
(19, 1444379400, NULL),
(19, 1444381200, NULL),
(19, 1444383000, NULL),
(19, 1444384800, NULL),
(19, 1444386600, NULL),
(19, 1444388400, NULL),
(19, 1444390200, NULL),
(19, 1444392000, NULL),
(19, 1444393800, NULL),
(19, 1444395600, NULL),
(19, 1444397400, NULL),
(19, 1444399200, NULL),
(19, 1444401000, NULL),
(19, 1444402800, NULL),
(19, 1444404600, NULL),
(19, 1444406400, NULL),
(19, 1444408200, NULL),
(19, 1444410000, NULL),
(19, 1444411800, NULL),
(19, 1444413600, NULL),
(19, 1444415400, NULL),
(19, 1444417200, NULL),
(19, 1444419000, NULL),
(19, 1444420800, NULL),
(19, 1444422600, NULL),
(19, 1444424400, NULL),
(19, 1444426200, NULL),
(19, 1444428000, NULL),
(19, 1444429800, NULL),
(19, 1444431600, NULL),
(19, 1444433400, NULL),
(19, 1444435200, NULL),
(19, 1444437000, NULL),
(19, 1444438800, NULL),
(19, 1444440600, NULL),
(19, 1444442400, NULL),
(19, 1444444200, NULL),
(19, 1444446000, NULL),
(19, 1444447800, NULL),
(19, 1444449600, NULL),
(19, 1444451400, NULL),
(19, 1444453200, NULL),
(19, 1444455000, NULL),
(19, 1444456800, NULL),
(19, 1444458600, NULL),
(19, 1444460400, NULL),
(19, 1444462200, NULL),
(19, 1444464000, NULL),
(19, 1444465800, NULL),
(19, 1444467600, NULL),
(19, 1444469400, NULL),
(19, 1444471200, NULL),
(19, 1444473000, NULL),
(19, 1444474800, NULL),
(19, 1444476600, NULL),
(19, 1444478400, NULL),
(19, 1444480200, NULL),
(19, 1444482000, NULL),
(19, 1444483800, NULL),
(19, 1444485600, NULL),
(19, 1444487400, NULL),
(19, 1444489200, NULL),
(19, 1444491000, NULL),
(19, 1444492800, NULL),
(19, 1444494600, NULL),
(19, 1444496400, NULL),
(19, 1444498200, NULL),
(19, 1444500000, NULL),
(19, 1444501800, NULL),
(19, 1444503600, NULL),
(19, 1444505400, NULL),
(19, 1444507200, NULL),
(19, 1444509000, NULL),
(19, 1444510800, NULL),
(19, 1444512600, NULL),
(19, 1444514400, NULL),
(19, 1444516200, NULL),
(19, 1444518000, NULL),
(19, 1444519800, NULL),
(19, 1444521600, NULL),
(19, 1444523400, NULL),
(19, 1444525200, NULL),
(19, 1444527000, NULL),
(19, 1444528800, NULL),
(19, 1444530600, NULL),
(19, 1444532400, NULL),
(19, 1444534200, NULL),
(19, 1444536000, NULL),
(19, 1444537800, NULL),
(19, 1444539600, NULL),
(19, 1444541400, NULL),
(19, 1444543200, NULL),
(19, 1444545000, NULL),
(19, 1444546800, NULL),
(19, 1444548600, NULL),
(19, 1444550400, NULL),
(19, 1444552200, NULL),
(19, 1444554000, NULL),
(19, 1444555800, NULL),
(19, 1444557600, NULL),
(19, 1444559400, NULL),
(19, 1444561200, NULL),
(19, 1444563000, NULL),
(19, 1444564800, NULL),
(19, 1444566600, NULL),
(19, 1444568400, NULL),
(19, 1444570200, NULL),
(19, 1444572000, NULL),
(19, 1444573800, NULL),
(19, 1444575600, NULL),
(19, 1444577400, NULL),
(19, 1444579200, NULL),
(19, 1444581000, NULL),
(19, 1444582800, NULL),
(19, 1444584600, NULL),
(19, 1444586400, NULL),
(19, 1444588200, NULL),
(19, 1444590000, NULL),
(19, 1444591800, NULL),
(19, 1444593600, NULL),
(19, 1444595400, NULL),
(19, 1444597200, NULL),
(19, 1444599000, NULL),
(19, 1444600800, NULL),
(19, 1444602600, NULL),
(19, 1444604400, NULL),
(19, 1444606200, NULL),
(19, 1444608000, NULL),
(19, 1444609800, NULL),
(19, 1444611600, NULL),
(19, 1444613400, NULL),
(19, 1444615200, NULL),
(19, 1444617000, NULL),
(19, 1444618800, NULL),
(19, 1444620600, NULL),
(19, 1444622400, NULL),
(19, 1444624200, NULL),
(19, 1444626000, NULL),
(19, 1444627800, NULL),
(19, 1444629600, NULL),
(19, 1444631400, NULL),
(19, 1444633200, NULL),
(19, 1444635000, NULL),
(19, 1444636800, NULL),
(19, 1444638600, NULL),
(19, 1444640400, NULL),
(19, 1444642200, NULL),
(19, 1444644000, NULL),
(19, 1444645800, NULL),
(19, 1444647600, NULL),
(19, 1444649400, NULL),
(19, 1444651200, NULL),
(19, 1444653000, NULL),
(19, 1444654800, NULL),
(19, 1444656600, NULL),
(19, 1444658400, NULL),
(19, 1444660200, NULL),
(19, 1444662000, NULL),
(19, 1444663800, NULL),
(19, 1444665600, NULL),
(19, 1444667400, NULL),
(19, 1444669200, NULL),
(19, 1444671000, NULL),
(19, 1444672800, NULL),
(19, 1444674600, NULL),
(19, 1444676400, NULL),
(19, 1444678200, NULL),
(19, 1444680000, NULL),
(19, 1444681800, NULL),
(19, 1444683600, NULL),
(19, 1444685400, NULL),
(19, 1444687200, NULL),
(19, 1444689000, NULL),
(19, 1444690800, NULL),
(19, 1444692600, NULL),
(19, 1444694400, NULL),
(19, 1444696200, NULL),
(19, 1444698000, NULL),
(19, 1444699800, NULL),
(19, 1444701600, NULL),
(19, 1444703400, NULL),
(19, 1444705200, NULL),
(19, 1444707000, NULL),
(19, 1444708800, NULL),
(19, 1444710600, NULL),
(19, 1444712400, NULL),
(19, 1444714200, NULL),
(19, 1444716000, NULL),
(19, 1444717800, NULL),
(19, 1444719600, NULL),
(19, 1444721400, NULL),
(19, 1444723200, NULL),
(19, 1444725000, NULL),
(19, 1444726800, NULL),
(19, 1444728600, NULL),
(19, 1444730400, NULL),
(19, 1444732200, NULL),
(19, 1444734000, NULL),
(19, 1444735800, NULL),
(19, 1444737600, NULL),
(19, 1444739400, NULL),
(19, 1444741200, NULL),
(19, 1444743000, NULL),
(19, 1444744800, NULL),
(19, 1444746600, NULL),
(19, 1444748400, NULL),
(19, 1444750200, NULL),
(19, 1444752000, NULL),
(19, 1444753800, NULL),
(19, 1444755600, NULL),
(19, 1444757400, NULL),
(19, 1444759200, NULL),
(19, 1444761000, NULL),
(19, 1444762800, NULL),
(19, 1444764600, NULL),
(19, 1444766400, NULL),
(19, 1444768200, NULL),
(19, 1444770000, NULL),
(19, 1444771800, NULL),
(19, 1444773600, NULL),
(19, 1444775400, NULL),
(19, 1444777200, NULL),
(19, 1444779000, NULL),
(19, 1444780800, NULL),
(19, 1444782600, NULL),
(19, 1444784400, NULL),
(19, 1444786200, NULL),
(19, 1444788000, NULL),
(19, 1444789800, NULL),
(19, 1444791600, NULL),
(19, 1444793400, NULL),
(19, 1444795200, NULL),
(19, 1444797000, NULL),
(19, 1444798800, NULL),
(19, 1444800600, NULL),
(19, 1444802400, NULL),
(19, 1444804200, NULL),
(19, 1444806000, NULL),
(19, 1444807800, NULL),
(19, 1444809600, NULL),
(19, 1444811400, NULL),
(19, 1444813200, NULL),
(19, 1444815000, NULL),
(19, 1444816800, NULL),
(19, 1444818600, NULL),
(19, 1444820400, NULL),
(19, 1444822200, NULL),
(19, 1444824000, NULL),
(19, 1444825800, NULL),
(19, 1444827600, NULL),
(19, 1444829400, NULL),
(19, 1444831200, NULL),
(19, 1444833000, NULL),
(19, 1444834800, NULL),
(19, 1444836600, NULL),
(19, 1444838400, NULL),
(19, 1444840200, NULL),
(19, 1444842000, NULL),
(19, 1444843800, NULL),
(19, 1444845600, NULL),
(19, 1444847400, NULL),
(19, 1444849200, NULL),
(19, 1444851000, NULL),
(19, 1444852800, NULL),
(19, 1444854600, NULL),
(19, 1444856400, NULL),
(19, 1444858200, NULL),
(19, 1444860000, NULL),
(19, 1444861800, NULL),
(19, 1444863600, NULL),
(19, 1444865400, NULL),
(19, 1444867200, NULL),
(19, 1444869000, NULL),
(19, 1444870800, NULL),
(19, 1444872600, NULL),
(19, 1444874400, NULL),
(19, 1444876200, NULL),
(19, 1444878000, NULL),
(19, 1444879800, NULL),
(19, 1444881600, NULL),
(19, 1444883400, NULL),
(19, 1444885200, NULL),
(19, 1444887000, NULL),
(19, 1444888800, NULL),
(19, 1444890600, NULL),
(19, 1444892400, NULL),
(19, 1444894200, NULL),
(19, 1444896000, NULL),
(19, 1444897800, NULL),
(19, 1444899600, NULL),
(19, 1444901400, NULL),
(19, 1444903200, NULL),
(19, 1444905000, NULL),
(19, 1444906800, NULL),
(19, 1444908600, NULL),
(19, 1444910400, NULL),
(19, 1444912200, NULL),
(19, 1444914000, NULL),
(19, 1444915800, NULL),
(19, 1444917600, NULL),
(19, 1444919400, NULL),
(19, 1444921200, NULL),
(19, 1444923000, NULL),
(19, 1444924800, NULL),
(19, 1444926600, NULL),
(19, 1444928400, NULL),
(19, 1444930200, NULL),
(19, 1444932000, NULL),
(19, 1444933800, NULL),
(19, 1444935600, NULL),
(19, 1444937400, NULL),
(19, 1444939200, NULL),
(19, 1444941000, NULL),
(19, 1444942800, NULL),
(19, 1444944600, NULL),
(19, 1444946400, NULL),
(19, 1444948200, NULL),
(19, 1444950000, NULL),
(19, 1444951800, NULL),
(19, 1444953600, NULL);
INSERT INTO `timeslot` (`tid`, `starttime`, `sid`) VALUES
(19, 1444955400, NULL),
(19, 1444957200, NULL),
(19, 1444959000, NULL),
(19, 1444960800, NULL),
(19, 1444962600, NULL),
(19, 1444964400, NULL),
(19, 1444966200, NULL),
(19, 1444968000, NULL),
(19, 1444969800, NULL),
(19, 1444971600, NULL),
(19, 1444973400, NULL),
(19, 1444975200, NULL),
(19, 1444977000, NULL),
(19, 1444978800, NULL),
(19, 1444980600, NULL),
(19, 1444982400, NULL),
(19, 1444984200, NULL),
(19, 1444986000, NULL),
(19, 1444987800, NULL),
(19, 1444989600, NULL),
(19, 1444991400, NULL),
(19, 1444993200, NULL),
(19, 1444995000, NULL),
(19, 1444996800, NULL),
(19, 1444998600, NULL),
(19, 1445000400, NULL),
(19, 1445002200, NULL),
(19, 1445004000, NULL),
(19, 1445005800, NULL),
(19, 1445007600, NULL),
(19, 1445009400, NULL),
(19, 1445011200, NULL),
(19, 1445013000, NULL),
(19, 1445014800, NULL),
(19, 1445016600, NULL),
(19, 1445018400, NULL),
(19, 1445020200, NULL),
(19, 1445022000, NULL),
(19, 1445023800, NULL),
(19, 1445025600, NULL),
(19, 1445027400, NULL),
(19, 1445029200, NULL),
(19, 1445031000, NULL),
(19, 1445032800, NULL),
(19, 1445034600, NULL),
(19, 1445036400, NULL),
(19, 1445038200, NULL),
(19, 1445040000, NULL),
(19, 1445041800, NULL),
(19, 1445043600, NULL),
(19, 1445045400, NULL),
(19, 1445047200, NULL),
(19, 1445049000, NULL),
(19, 1445050800, NULL),
(19, 1445052600, NULL),
(19, 1445054400, NULL),
(19, 1445056200, NULL),
(19, 1445058000, NULL),
(19, 1445059800, NULL),
(19, 1445061600, NULL),
(19, 1445063400, NULL),
(19, 1445065200, NULL),
(19, 1445067000, NULL),
(19, 1445068800, NULL),
(19, 1445070600, NULL),
(19, 1445072400, NULL),
(19, 1445074200, NULL),
(19, 1445076000, NULL),
(19, 1445077800, NULL),
(19, 1445079600, NULL),
(19, 1445081400, NULL),
(19, 1445083200, NULL),
(19, 1445085000, NULL),
(19, 1445086800, NULL),
(19, 1445088600, NULL),
(19, 1445090400, NULL),
(19, 1445092200, NULL),
(19, 1445094000, NULL),
(19, 1445095800, NULL),
(19, 1445097600, NULL),
(19, 1445099400, NULL),
(19, 1445101200, NULL),
(19, 1445103000, NULL),
(19, 1445104800, NULL),
(19, 1445106600, NULL),
(19, 1445108400, NULL),
(19, 1445110200, NULL),
(19, 1445112000, NULL),
(19, 1445113800, NULL),
(19, 1445115600, NULL),
(19, 1445117400, NULL),
(19, 1445119200, NULL),
(19, 1445121000, NULL),
(19, 1445122800, NULL),
(19, 1445124600, NULL),
(19, 1445126400, NULL),
(19, 1445128200, NULL),
(19, 1445130000, NULL),
(19, 1445131800, NULL),
(19, 1445133600, NULL),
(19, 1445135400, NULL),
(19, 1445137200, NULL),
(19, 1445139000, NULL),
(19, 1445140800, NULL),
(19, 1445142600, NULL),
(19, 1445144400, NULL),
(19, 1445146200, NULL),
(19, 1445148000, NULL),
(19, 1445149800, NULL),
(19, 1445151600, NULL),
(19, 1445153400, NULL),
(19, 1445155200, NULL),
(19, 1445157000, NULL),
(19, 1445158800, NULL),
(19, 1445160600, NULL),
(19, 1445162400, NULL),
(19, 1445164200, NULL),
(19, 1445166000, NULL),
(19, 1445167800, NULL),
(19, 1445169600, NULL),
(19, 1445171400, NULL),
(19, 1445173200, NULL),
(19, 1445175000, NULL),
(19, 1445176800, NULL),
(19, 1445178600, NULL),
(19, 1445180400, NULL),
(19, 1445182200, NULL),
(19, 1445184000, NULL),
(19, 1445185800, NULL),
(19, 1445187600, NULL),
(19, 1445189400, NULL),
(19, 1445191200, NULL),
(19, 1445193000, NULL),
(19, 1445194800, NULL),
(19, 1445196600, NULL),
(19, 1445198400, NULL),
(19, 1445200200, NULL),
(19, 1445202000, NULL),
(19, 1445203800, NULL),
(19, 1445205600, NULL),
(19, 1445207400, NULL),
(19, 1445209200, NULL),
(19, 1445211000, NULL),
(19, 1445212800, NULL),
(19, 1445214600, NULL),
(19, 1445216400, NULL),
(19, 1445218200, NULL),
(19, 1445220000, NULL),
(19, 1445221800, NULL),
(19, 1445223600, NULL),
(19, 1445225400, NULL),
(19, 1445227200, NULL),
(19, 1445229000, NULL),
(19, 1445230800, NULL),
(19, 1445232600, NULL),
(19, 1445234400, NULL),
(19, 1445236200, NULL),
(19, 1445238000, NULL),
(19, 1445239800, NULL),
(19, 1445241600, NULL),
(19, 1445243400, NULL),
(19, 1445245200, NULL),
(19, 1445247000, NULL),
(19, 1445248800, NULL),
(19, 1445250600, NULL),
(19, 1445252400, NULL),
(19, 1445254200, NULL),
(19, 1445256000, NULL),
(19, 1445257800, NULL),
(19, 1445259600, NULL),
(19, 1445261400, NULL),
(19, 1445263200, NULL),
(19, 1445265000, NULL),
(19, 1445266800, NULL),
(19, 1445268600, NULL),
(19, 1445270400, NULL),
(19, 1445272200, NULL),
(19, 1445274000, NULL),
(19, 1445275800, NULL),
(19, 1445277600, NULL),
(19, 1445279400, NULL),
(19, 1445281200, NULL),
(19, 1445283000, NULL),
(19, 1445284800, NULL),
(19, 1445286600, NULL),
(19, 1445288400, NULL),
(19, 1445290200, NULL),
(19, 1445292000, NULL),
(19, 1445293800, NULL),
(19, 1445295600, NULL),
(19, 1445297400, NULL),
(19, 1445299200, NULL),
(19, 1445301000, NULL),
(19, 1445302800, NULL),
(19, 1445304600, NULL),
(19, 1445306400, NULL),
(19, 1445308200, NULL),
(19, 1445310000, NULL),
(19, 1445311800, NULL),
(19, 1445313600, NULL),
(19, 1445315400, NULL),
(19, 1445317200, NULL),
(19, 1445319000, NULL),
(19, 1445320800, NULL),
(19, 1445322600, NULL),
(19, 1445324400, NULL),
(19, 1445326200, NULL),
(19, 1445328000, NULL),
(19, 1445329800, NULL),
(19, 1445331600, NULL),
(19, 1445333400, NULL),
(19, 1445335200, NULL),
(19, 1445337000, NULL),
(19, 1445338800, NULL),
(19, 1445340600, NULL),
(19, 1445342400, NULL),
(19, 1445344200, NULL),
(19, 1445346000, NULL),
(19, 1445347800, NULL),
(19, 1445349600, NULL),
(19, 1445351400, NULL),
(19, 1445353200, NULL),
(19, 1445355000, NULL),
(19, 1445356800, NULL),
(19, 1445358600, NULL),
(19, 1445360400, NULL),
(19, 1445362200, NULL),
(19, 1445364000, NULL);

-- --------------------------------------------------------

--
-- Table structure for table `users`
--

CREATE TABLE IF NOT EXISTS `users` (
  `id` int(11) NOT NULL AUTO_INCREMENT,
  `username` varchar(100) DEFAULT NULL,
  `password` varchar(100) DEFAULT NULL,
  `email` varchar(100) DEFAULT NULL,
  `name` varchar(100) DEFAULT NULL,
  `address` varchar(500) DEFAULT NULL,
  `phone` varchar(13) DEFAULT NULL,
  `type` varchar(3) DEFAULT NULL,
  `create_time` int(11) DEFAULT NULL,
  `update_time` int(11) DEFAULT NULL,
  `last_login` int(11) DEFAULT NULL,
  `last_ip` varchar(20) DEFAULT NULL,
  `conf` varchar(1) DEFAULT NULL,
  `econf` varchar(1) DEFAULT NULL,
  `profilepic` varchar(100) DEFAULT NULL,
  `profilepicbig` varchar(100) DEFAULT NULL,
  `gender` varchar(1) DEFAULT NULL,
  `dob` int(11) DEFAULT NULL,
  `fblogin` varchar(50) DEFAULT NULL,
  `gpluslogin` varchar(50) DEFAULT NULL,
  PRIMARY KEY (`id`)
) ENGINE=InnoDB  DEFAULT CHARSET=latin1 AUTO_INCREMENT=23 ;

--
-- Dumping data for table `users`
--

INSERT INTO `users` (`id`, `username`, `password`, `email`, `name`, `address`, `phone`, `type`, `create_time`, `update_time`, `last_login`, `last_ip`, `conf`, `econf`, `profilepic`, `profilepicbig`, `gender`, `dob`, `fblogin`, `gpluslogin`) VALUES
(1, 'admin@admin.com', 'p', 'admin@admin.com', NULL, NULL, NULL, 'a', 1436502847, 1436502847, NULL, '127.0.0.1', NULL, NULL, 'data/files/1436503488_1_8f7070422small.jpg', 'data/files/1436503488_1_8f7070422.jpg', NULL, NULL, NULL, NULL),
(2, 'yogy@mail.com', 'Yogy@123', 'yogy@mail.com', 'yogy saini', NULL, '1112244422', 't', 1436504586, 1436504586, NULL, '127.0.0.1', NULL, NULL, 'data/files/1437200041_2_41b38cafcsmall.png', 'data/files/1437200041_2_41b38cafc.png', 'm', 677134980, NULL, NULL),
(3, 'Rohit@mail.com', '122', 'Rohit@mail.com', 'Rohit', NULL, '1245124512', 's', 1436506639, 1436506639, NULL, '127.0.0.1', NULL, NULL, 'photo/human1.png', NULL, NULL, NULL, NULL, NULL),
(4, 'yogy@mail2.com', '123', 'yogy@mail2.com', 'yogy', NULL, '1234567890', 's', 1437018869, 1437018869, NULL, '127.0.0.1', NULL, NULL, 'photo/human1.png', NULL, NULL, NULL, NULL, NULL),
(5, 'asd@ad.asd', 'Some@123', 'asd@ad.asd', 'asdas asdasd', NULL, '1212121212', 't', 1437196182, 1437196182, NULL, '127.0.0.1', NULL, NULL, 'photo/human1.png', NULL, 'm', 680332140, NULL, NULL),
(6, 'sss@sss.sss', 'Some@222', 'sss@sss.sss', 'sdafsdf asdasd', NULL, '2121212121', 't', 1437196447, 1437196447, NULL, '127.0.0.1', NULL, NULL, 'photo/human1.png', NULL, 'm', 1436159640, NULL, NULL),
(7, 'asd@asd.cpm', '4', 'asd@asd.cpm', 'asd asdasd', NULL, '4512451245', 't', 1437288310, 1437288310, NULL, '127.0.0.1', NULL, NULL, 'photo/human1.png', NULL, 'm', 742545900, NULL, NULL),
(8, 'asd@asd.asd', 'as', 'asd@asd.asd', 'asd asd', NULL, '1245124512', 't', 1437288658, 1437288658, NULL, '127.0.0.1', NULL, NULL, 'photo/human1.png', NULL, 'm', 868949400, NULL, NULL),
(9, 'asd@assdsdd.asd', '2', 'asd@assdsdd.asd', 'sad asdas', NULL, '6545122512', 't', 1437289070, 1437289070, NULL, '127.0.0.1', NULL, NULL, 'photo/human1.png', NULL, 'm', 1436425020, NULL, NULL),
(10, 'asd@assdsasddd.asd', '2', 'asd@assdsasddd.asd', 'sad asdas', NULL, '6545122512', 't', 1437289120, 1437289120, NULL, '127.0.0.1', NULL, NULL, 'photo/human1.png', NULL, 'm', 1436252280, NULL, NULL),
(11, 'asd@assdasdsasddd.asd', '3', 'asd@assdasdsasddd.asd', 'sad asdas', NULL, '6545122512', 't', 1437289217, 1437289217, NULL, '127.0.0.1', NULL, NULL, 'photo/human1.png', NULL, 'm', 1435734000, NULL, NULL),
(12, 'asd@asdadsa.com', '3', 'asd@asdadsa.com', 'asdas asdsad', NULL, '6565656565', 't', 1437289322, 1437289322, NULL, '127.0.0.1', NULL, NULL, 'photo/human1.png', NULL, 'f', 1436338920, NULL, NULL),
(13, 'asd@asdadasdsa.com', '2', 'asd@asdadasdsa.com', 'asdas asdsad', NULL, '6565656565', 't', 1437289403, 1437289403, NULL, '127.0.0.1', NULL, NULL, 'photo/human1.png', NULL, 'f', 1436252580, NULL, NULL),
(14, 'asdasd@asd.asd', 'a', 'asdasd@asd.asd', 'asda', NULL, '2121212121', 's', 1437289574, 1437289574, NULL, '127.0.0.1', NULL, NULL, 'photo/human1.png', NULL, NULL, NULL, NULL, NULL),
(15, 'sdf@www.ccc', '2', 'sdf@www.ccc', 'sdf', NULL, '5478547854', 's', 1437291485, 1437291485, NULL, '127.0.0.1', NULL, NULL, 'photo/human1.png', NULL, NULL, NULL, NULL, NULL),
(16, 'asd@asdad.asa', '4', 'asd@asdad.asa', 'asasda', NULL, '5454545454', 's', 1437306208, 1437306208, NULL, '127.0.0.1', NULL, NULL, 'photo/human1.png', NULL, NULL, NULL, NULL, NULL),
(17, 'narayanwaraich@gmail.com', '123', 'narayanwaraich@gmail.com', 'Narayan Waraich', NULL, '9015410410', 's', 1437378922, 1437378922, NULL, '::1', NULL, NULL, 'photo/human1.png', NULL, NULL, NULL, NULL, NULL),
(18, 'nw@gmail.com', 'Pass123@', 'nw@gmail.com', 'Narayan Singh', NULL, '9015410410', 't', 1437379253, 1437379253, NULL, '::1', NULL, NULL, 'photo/human1.png', NULL, 'm', 628761600, NULL, NULL),
(19, 'narayansinghwaraich@gmail.com', 'Pass123@', 'narayansinghwaraich@gmail.com', 'Narayan Waraich', NULL, '9015410410', 't', 1438239773, 1438239773, NULL, '::1', NULL, NULL, 'photo/human1.png', NULL, 'm', 628758120, NULL, NULL),
(20, 'mam@mail.com', 'Pass123@', 'mam@mail.com', 'gjkwb gjkbwgjkwe', NULL, '9015410410', 't', 1438242230, 1438242230, NULL, '::1', NULL, NULL, 'photo/human1.png', NULL, 'm', 615541380, NULL, NULL),
(21, 'mam123@mail.com', 'Pass123@', 'mam123@mail.com', 'weg gjkbwgjkwe', NULL, '9958610257', 't', 1438242430, 1438242430, NULL, '::1', NULL, NULL, 'photo/human1.png', NULL, 'm', 300527220, NULL, NULL),
(22, 'mam456@mail.com', 'Pass123@', 'mam456@mail.com', 'gjkwb Waraich', NULL, '9958610257', 't', 1438242536, 1438242536, NULL, '::1', NULL, NULL, 'photo/human1.png', NULL, 'm', 394616880, NULL, NULL);

-- --------------------------------------------------------

--
-- Table structure for table `user_query`
--

CREATE TABLE IF NOT EXISTS `user_query` (
  `q_id` int(30) NOT NULL AUTO_INCREMENT,
  `user_id` int(11) DEFAULT NULL,
  `name` varchar(50) NOT NULL,
  `phone` varchar(10) NOT NULL,
  `email` varchar(50) NOT NULL,
  `msg` text NOT NULL,
  `resolved` tinyint(1) NOT NULL DEFAULT '0',
  `time` timestamp NOT NULL DEFAULT CURRENT_TIMESTAMP,
  PRIMARY KEY (`q_id`),
  UNIQUE KEY `id` (`q_id`)
) ENGINE=InnoDB  DEFAULT CHARSET=latin1 AUTO_INCREMENT=8 ;

--
-- Dumping data for table `user_query`
--

INSERT INTO `user_query` (`q_id`, `user_id`, `name`, `phone`, `email`, `msg`, `resolved`, `time`) VALUES
(1, 2, 'Yoft', '5485745875', 'sss@mail.com', 'message for\n', 0, '2015-07-14 06:43:17'),
(2, NULL, 'asdasd', '5421542154', 'asd@asdasd.com', 'asdasdasdasdasdadasdasdasjkdaksdlasjdlkajsdl\nasdasdasdasdasdadasdasdasjkdaksdlasjdlkajsdl\nasdasdasdasdasdadasdasdasjkdaksd', 0, '2015-07-23 16:10:04'),
(3, NULL, 'asdasd', '5421542154', 'asd@asdasd.com', 'asdasdasdasdasdadasdasdasjkdaksdlasjdlkajsdl\nasdasdasdasdasdadasdasdasjkdaksdlasjdlkajsdl\nasdasdasdasdasdadasdasdasjkdaksd', 0, '2015-07-23 16:10:19'),
(4, NULL, 'asdasd', '5421542145', 'asd@asdasd.com', 'asdasdasdasdasdadasdasdasjkdaksdlasjdlkajsdl\nasdasdasdasdasdadasdasdasjkdaksdlasjdlkajsdl\nasdasdasdasdasdadasdasdasjkdaksd', 0, '2015-07-23 16:10:37'),
(5, NULL, 'zczxc', '5465546554', 'zxcz@asd.asd', '3', 0, '2015-07-23 16:23:02'),
(6, NULL, 'zczxc', '5465546554', 'zxcz@asd.asd', '3asdadadadasdasdasd3asdadadadasdasdasd3asdadadadasdasdasd3asdadadadasdasdasd3asdadadadasdasdasd3asd', 0, '2015-07-23 16:23:37'),
(7, NULL, 'asdasd', '5874587458', 'asdasd@asd.ada', 'adadadadaadadadadaadadadadaadadadadaadadadadaadadadadaadadadadaadadadadaadadadadaadadadadaadadadada1', 0, '2015-07-23 16:24:23');

/*!40101 SET CHARACTER_SET_CLIENT=@OLD_CHARACTER_SET_CLIENT */;
/*!40101 SET CHARACTER_SET_RESULTS=@OLD_CHARACTER_SET_RESULTS */;
/*!40101 SET COLLATION_CONNECTION=@OLD_COLLATION_CONNECTION */;
